,Rk,Player,Age,Team,Pos,G,GS,MP,PER,TS%,3PAr,FTr,ORB%,DRB%,TRB%,AST%,STL%,BLK%,TOV%,USG%,OWS,DWS,WS,WS/48,OBPM,DBPM,BPM,VORP,Awards
0,1.0,Michael Finley,24.0,DAL,SF,82.0,82.0,3394.0,19.3,0.522,0.162,0.276,4.8,9.6,7.2,22.7,2.1,0.6,11.5,25.7,5.5,2.0,7.5,0.106,3.0,-0.6,2.5,3.8,MVP-18
1,2.0,Glen Rice,30.0,CHH,SF,82.0,82.0,3295.0,17.4,0.568,0.216,0.364,3.3,9.6,6.5,9.9,1.3,0.5,10.2,25.1,7.4,2.0,9.3,0.136,2.4,-1.6,0.9,2.4,"MVP-11,AS,NBA3"
2,3.0,Grant Hill,25.0,DET,SF,81.0,81.0,3294.0,21.2,0.52,0.015,0.475,3.3,19.3,11.3,31.5,2.4,1.2,14.8,27.3,5.2,5.1,10.2,0.149,3.3,1.5,4.7,5.6,"MVP-9,AS,NBA2"
3,4.0,Ray Allen,22.0,MIL,SG,82.0,82.0,3287.0,16.2,0.539,0.28,0.297,4.7,10.4,7.5,19.3,1.8,0.3,15.0,24.3,4.7,2.3,7.0,0.102,1.9,-0.9,1.0,2.5,
4,5.0,Antoine Walker,21.0,BOS,PF,82.0,82.0,3268.0,17.8,0.481,0.171,0.277,9.0,22.3,15.1,15.4,2.2,1.4,13.2,29.2,0.8,4.0,4.8,0.07,1.6,-1.0,0.6,2.2,"MVP-12,AS"
5,6.0,Kevin Garnett,21.0,MIN,PF,82.0,82.0,3222.0,20.4,0.527,0.012,0.257,7.9,19.7,13.9,18.2,2.2,3.3,11.8,22.5,5.3,4.2,9.6,0.143,2.6,1.5,4.2,5.0,"DPOY-11,AS"
6,7.0,Tim Duncan,21.0,SAS,PF,82.0,82.0,3204.0,22.6,0.577,0.008,0.375,10.5,23.8,17.6,13.7,0.9,4.5,15.7,26.0,5.6,7.2,12.8,0.192,2.5,2.0,4.6,5.3,"MVP-5,ROY-1,DPOY-5,AS,NBA1,DEF2"
7,8.0,Wesley Person,26.0,CLE,SG,82.0,82.0,3198.0,15.1,0.583,0.467,0.178,2.5,11.3,7.0,10.3,2.2,1.2,9.6,16.5,5.3,5.0,10.3,0.155,2.4,1.4,3.8,4.7,
8,9.0,Michael Jordan,34.0,CHI,SG,82.0,82.0,3181.0,25.2,0.533,0.067,0.381,4.7,12.5,8.5,18.0,2.4,1.0,7.7,33.7,10.4,5.4,15.8,0.238,5.9,1.0,6.9,7.1,"MVP-1,DPOY-4,AS,NBA1,DEF1"
9,10.0,Allen Iverson,22.0,PHI,PG,80.0,80.0,3150.0,20.4,0.535,0.167,0.38,3.1,7.7,5.4,30.6,3.0,0.6,12.9,26.9,6.3,2.8,9.0,0.138,3.5,0.1,3.6,4.5,
10,11.0,Anthony Mason,31.0,CHH,PF,81.0,80.0,3148.0,16.4,0.552,0.005,0.526,6.9,24.7,15.8,17.3,1.2,0.4,13.4,16.0,5.7,3.5,9.3,0.141,1.7,0.6,2.3,3.4,DPOY-9
11,12.0,Gary Payton,29.0,SEA,PG,82.0,82.0,3145.0,21.6,0.544,0.311,0.293,3.0,11.2,7.1,36.7,3.1,0.4,13.7,24.6,8.5,4.0,12.5,0.19,4.4,0.7,5.1,5.7,"MVP-3,DPOY-2,AS,NBA1,DEF1"
12,13.0,Jason Kidd,24.0,PHO,PG,82.0,82.0,3118.0,16.4,0.502,0.271,0.243,4.1,14.7,9.5,35.6,2.7,0.6,21.5,17.6,3.2,4.8,8.0,0.123,1.5,1.6,3.1,4.0,"MVP-13,AS"
13,14.0,Stephon Marbury,20.0,MIN,PG,82.0,81.0,3112.0,16.4,0.505,0.246,0.364,2.1,6.2,4.2,36.1,1.7,0.2,15.1,24.1,4.2,1.1,5.3,0.082,1.9,-2.0,-0.1,1.5,
14,15.0,Jim Jackson,27.0,2TM,SG,79.0,78.0,3046.0,13.2,0.504,0.173,0.255,4.7,10.1,7.3,22.3,1.4,0.2,17.6,21.7,0.8,1.7,2.5,0.039,-0.2,-1.4,-1.6,0.3,
15,15.0,Jim Jackson,27.0,PHI,SG,48.0,47.0,1788.0,13.1,0.545,0.209,0.288,4.4,10.2,7.3,21.5,1.2,0.2,19.4,18.8,1.4,0.9,2.3,0.062,0.0,-1.5,-1.5,0.2,
16,15.0,Jim Jackson,27.0,GSW,SG,31.0,31.0,1258.0,13.2,0.466,0.138,0.224,5.0,9.8,7.3,23.5,1.6,0.1,15.8,25.9,-0.6,0.8,0.2,0.007,-0.4,-1.2,-1.7,0.1,
17,16.0,Tim Hardaway,31.0,MIA,PG,81.0,81.0,3031.0,20.6,0.53,0.341,0.254,1.9,9.4,5.8,41.3,2.4,0.4,13.5,25.6,7.9,3.8,11.7,0.185,4.8,0.4,5.2,5.5,"MVP-6,AS,NBA2"
18,17.0,Karl Malone,34.0,UTA,PF,81.0,81.0,3030.0,27.9,0.597,0.004,0.56,8.3,24.8,17.1,20.9,1.7,1.7,11.9,31.8,12.1,4.3,16.4,0.259,6.6,0.7,7.3,7.1,"MVP-2,AS,NBA1,DEF1"
19,18.0,Rod Strickland,31.0,WAS,PG,76.0,76.0,3020.0,19.6,0.501,0.042,0.435,4.1,11.4,7.6,43.1,2.2,0.6,16.5,23.7,5.1,3.0,8.1,0.129,2.8,0.1,2.9,3.7,"MVP-18,NBA2"
20,19.0,Bo Outlaw,26.0,ORL,PF,82.0,76.0,2953.0,15.5,0.575,0.007,0.576,9.9,15.6,12.7,12.3,2.0,4.4,20.5,13.3,3.1,4.5,7.6,0.124,-0.2,2.7,2.5,3.4,DPOY-5
21,20.0,Shareef Abdur-Rahim,21.0,VAN,SF,82.0,82.0,2950.0,21.1,0.562,0.038,0.475,8.9,13.8,11.3,13.5,1.6,1.8,13.6,28.4,6.3,0.6,6.9,0.113,3.4,-1.8,1.6,2.6,
22,21.0,Vin Baker,26.0,SEA,C,82.0,82.0,2944.0,20.4,0.564,0.006,0.452,11.8,14.8,13.3,9.3,1.7,2.2,11.1,24.7,6.9,3.5,10.4,0.169,1.9,-0.9,1.0,2.2,"MVP-8,AS,NBA2"
23,22.0,Doug Christie,27.0,TOR,SG,78.0,78.0,2939.0,16.2,0.53,0.287,0.305,3.5,12.3,7.7,16.3,3.4,1.3,15.8,21.5,2.4,1.6,4.0,0.066,0.4,0.0,0.4,1.7,
24,23.0,Dikembe Mutombo,31.0,ATL,C,82.0,82.0,2917.0,19.8,0.584,0.0,0.608,11.5,25.6,18.8,4.8,0.6,6.6,15.1,17.6,5.6,5.2,10.8,0.177,1.2,1.4,2.6,3.4,"DPOY-1,AS,NBA3,DEF1"
25,24.0,Eddie Jones,26.0,LAL,SG,80.0,80.0,2910.0,18.0,0.592,0.366,0.304,3.4,8.2,5.9,13.5,2.8,1.3,11.4,19.5,6.8,3.2,10.1,0.166,2.9,1.1,4.0,4.4,"AS,DEF2"
26,25.0,Rasheed Wallace,23.0,POR,PF,77.0,77.0,2896.0,14.9,0.564,0.045,0.318,5.5,13.4,9.6,11.9,1.4,2.2,14.3,18.2,3.8,3.8,7.6,0.125,0.1,1.1,1.2,2.4,
27,26.0,Steve Smith,28.0,ATL,SG,73.0,73.0,2857.0,18.8,0.563,0.251,0.413,5.7,7.0,6.4,18.4,1.4,0.7,11.9,23.9,8.4,1.8,10.2,0.171,3.9,-0.9,3.0,3.6,AS
28,27.0,Dennis Rodman,36.0,CHI,PF,80.0,66.0,2856.0,12.4,0.459,0.064,0.308,16.8,31.4,24.1,11.2,0.9,0.5,26.4,8.7,1.9,5.9,7.8,0.131,-0.7,0.4,-0.3,1.3,DPOY-5
29,28.0,Allan Houston,26.0,NYK,SG,82.0,82.0,2848.0,15.1,0.53,0.167,0.262,1.8,9.8,5.8,14.3,1.2,0.7,12.3,26.7,2.5,3.5,6.1,0.102,0.8,-0.2,0.6,1.9,
30,29.0,David Wesley,27.0,CHH,PG,81.0,81.0,2845.0,15.2,0.532,0.197,0.333,2.1,6.9,4.5,30.2,2.6,0.8,18.6,19.8,3.3,2.5,5.8,0.098,0.6,0.1,0.7,1.9,
31,30.0,Calbert Cheaney,26.0,WAS,SG,82.0,82.0,2841.0,11.7,0.488,0.054,0.219,3.2,10.0,6.5,9.8,1.8,0.9,8.8,18.4,1.6,2.5,4.1,0.069,-2.3,0.2,-2.1,0.0,
32,31.0,Damon Stoudamire,24.0,2TM,PG,71.0,71.0,2839.0,16.8,0.503,0.279,0.263,3.4,8.6,5.9,35.1,2.1,0.2,15.5,22.4,3.9,0.8,4.7,0.079,2.0,-1.9,0.1,1.5,
33,31.0,Damon Stoudamire,24.0,TOR,PG,49.0,49.0,2033.0,17.7,0.514,0.246,0.255,3.3,8.8,6.0,34.4,2.0,0.2,14.7,23.4,3.2,-0.1,3.2,0.074,2.4,-2.3,0.1,1.1,
34,31.0,Damon Stoudamire,24.0,POR,PG,22.0,22.0,806.0,14.5,0.469,0.384,0.291,3.6,7.9,5.8,36.8,2.2,0.2,18.0,19.9,0.7,0.9,1.5,0.091,1.0,-0.7,0.3,0.5,
35,32.0,Corliss Williamson,24.0,SAC,SF,79.0,75.0,2819.0,16.0,0.527,0.008,0.391,6.3,11.5,8.8,14.8,1.4,1.2,13.0,24.1,2.6,1.8,4.4,0.076,0.4,-0.9,-0.4,1.1,
36,33.0,Kerry Kittles,23.0,NJN,SG,77.0,76.0,2814.0,17.5,0.525,0.228,0.217,5.1,10.1,7.4,10.6,2.5,1.0,7.7,21.2,6.2,2.2,8.4,0.144,2.9,0.2,3.1,3.7,
37,34.0,Chris Webber,24.0,WAS,C,71.0,71.0,2809.0,20.9,0.523,0.153,0.248,6.9,20.8,13.7,17.8,2.1,3.1,11.1,26.5,3.9,4.4,8.3,0.142,2.9,1.7,4.6,4.7,
38,35.0,Horace Grant,32.0,ORL,C,76.0,76.0,2803.0,15.4,0.488,0.008,0.232,9.4,16.8,13.0,11.0,1.6,2.0,8.5,16.9,3.6,3.6,7.1,0.122,0.4,0.8,1.2,2.2,DPOY-11
39,36.0,Reggie Miller,32.0,IND,SG,81.0,81.0,2795.0,19.8,0.619,0.353,0.407,2.1,7.6,5.0,11.1,1.5,0.3,9.1,23.9,9.2,2.8,12.0,0.206,4.8,0.1,4.8,4.8,"MVP-16,AS,NBA3"
40,37.0,Isaiah Rider,26.0,POR,SG,74.0,66.0,2786.0,15.2,0.514,0.323,0.205,4.3,10.0,7.2,15.7,1.1,0.5,11.6,26.1,3.2,2.5,5.8,0.099,1.3,-1.2,0.1,1.5,
41,38.0,Shawn Kemp,28.0,CLE,PF,80.0,80.0,2769.0,17.5,0.512,0.007,0.478,9.9,23.0,16.5,13.6,2.1,2.5,16.1,28.0,0.9,5.9,6.8,0.118,-0.5,1.1,0.6,1.8,AS
42,39.0,Detlef Schrempf,35.0,SEA,SF,78.0,78.0,2742.0,18.7,0.585,0.164,0.392,6.0,17.9,12.1,20.3,1.2,0.5,13.8,20.6,7.5,2.9,10.4,0.182,3.0,-0.1,2.9,3.4,
43,40.0,Charles Oakley,34.0,NYK,PF,79.0,79.0,2734.0,13.1,0.475,0.009,0.163,9.5,22.3,15.9,12.1,2.4,0.6,14.4,15.0,1.4,5.6,7.0,0.122,-1.3,2.3,1.0,2.1,DEF2
44,41.0,Kendall Gill,29.0,NJN,SF,81.0,81.0,2733.0,14.9,0.486,0.104,0.336,4.5,12.6,8.3,11.9,3.0,1.7,10.0,19.8,2.9,3.0,5.9,0.104,0.0,1.5,1.4,2.3,DPOY-11
45,42.0,Rick Fox,28.0,LAL,SF,82.0,82.0,2709.0,12.5,0.564,0.344,0.298,3.3,11.4,7.5,15.5,1.9,1.2,18.7,17.5,2.5,2.8,5.3,0.093,-0.8,0.3,-0.5,1.1,
46,43.0,Mookie Blaylock,30.0,ATL,PG,70.0,69.0,2700.0,16.1,0.462,0.356,0.143,3.7,10.9,7.4,29.5,3.7,0.5,15.0,20.1,1.9,3.7,5.6,0.099,1.2,1.5,2.6,3.2,"DPOY-5,DEF2"
47,44.0,Tyrone Corbin,35.0,ATL,SF,79.0,79.0,2699.0,12.0,0.502,0.189,0.171,3.5,12.0,7.9,10.6,2.1,0.2,9.7,15.3,2.9,2.7,5.5,0.098,-0.9,0.5,-0.4,1.1,
48,45.0,Avery Johnson,32.0,SAS,PG,75.0,73.0,2674.0,14.1,0.514,0.019,0.25,1.4,4.9,3.2,36.2,1.7,0.5,18.1,16.0,3.5,3.2,6.7,0.12,0.3,0.1,0.4,1.6,
49,46.0,Ron Mercer,21.0,BOS,SG,80.0,62.0,2662.0,14.1,0.491,0.024,0.196,4.4,8.3,6.2,11.6,2.4,0.5,9.6,22.3,2.2,1.9,4.0,0.073,-0.7,-0.7,-1.4,0.4,
50,47.0,Erick Dampier,22.0,GSW,C,82.0,82.0,2656.0,14.0,0.502,0.003,0.504,10.6,18.3,14.4,6.1,0.8,3.6,15.3,18.7,1.1,2.9,4.0,0.072,-2.2,-0.2,-2.4,-0.3,
51,48.0,A.C. Green,34.0,DAL,PF,82.0,68.0,2649.0,12.8,0.496,0.007,0.303,9.0,19.3,14.0,7.3,1.6,0.7,10.1,11.6,2.8,2.4,5.2,0.095,-1.1,-0.3,-1.4,0.4,
52,49.0,Dean Garrett,31.0,DEN,C,82.0,82.0,2632.0,12.1,0.465,0.0,0.312,9.9,19.2,14.4,5.8,1.2,3.8,11.6,12.6,1.2,1.1,2.2,0.041,-1.5,-1.1,-2.6,-0.4,
53,50.0,Voshon Lenard,24.0,MIA,SG,81.0,81.0,2621.0,13.3,0.547,0.443,0.21,3.3,9.5,6.5,11.8,1.2,0.4,9.6,18.4,4.6,2.5,7.1,0.129,1.2,-0.3,0.9,1.9,
54,51.0,Bison Dele,28.0,DET,C,78.0,78.0,2619.0,18.1,0.542,0.003,0.269,10.1,21.6,15.8,7.0,1.4,1.6,13.5,23.9,3.2,3.7,6.9,0.126,0.6,-0.6,0.0,1.3,
55,52.0,Donyell Marshall,24.0,GSW,SF,73.0,73.0,2611.0,15.5,0.474,0.184,0.198,8.3,17.6,12.8,11.2,1.9,1.9,11.0,22.3,1.0,3.2,4.2,0.078,0.3,0.3,0.6,1.7,
56,53.0,Sam Cassell,28.0,NJN,PG,75.0,72.0,2606.0,21.0,0.533,0.069,0.439,3.0,7.4,5.1,40.4,2.4,0.6,16.3,27.5,6.6,1.7,8.3,0.152,3.7,-0.1,3.6,3.7,
57,54.0,Hersey Hawkins,31.0,SEA,SG,82.0,82.0,2597.0,15.4,0.594,0.473,0.321,3.3,11.9,7.7,12.8,3.0,0.5,12.3,14.8,5.3,3.3,8.6,0.158,1.6,1.5,3.1,3.4,
58,55.0,Lamond Murray,24.0,LAC,SF,79.0,65.0,2579.0,17.8,0.548,0.155,0.299,7.5,13.9,10.7,9.9,2.4,1.4,13.3,22.1,3.7,1.2,4.9,0.092,1.4,-0.8,0.5,1.6,
59,56.0,LaPhonso Ellis,27.0,DEN,SF,76.0,71.0,2575.0,14.4,0.484,0.2,0.254,6.5,18.8,12.5,15.9,1.4,1.4,13.4,22.9,0.7,0.7,1.4,0.025,-0.2,-2.0,-2.1,-0.1,
60,57.0,Mitch Richmond,32.0,SAC,SG,70.0,70.0,2569.0,20.4,0.569,0.274,0.386,2.1,7.9,5.0,20.2,1.8,0.4,11.3,27.8,6.6,1.3,7.9,0.148,4.4,-0.8,3.6,3.6,"MVP-15,AS,NBA3"
61,58.0,Juwan Howard,24.0,WAS,PF,64.0,64.0,2559.0,15.2,0.515,0.002,0.361,6.9,13.2,10.0,13.6,1.7,0.6,13.9,23.2,2.1,2.4,4.6,0.086,-0.3,-0.6,-0.9,0.7,
62,59.0,Jerry Stackhouse,23.0,2TM,SG,79.0,37.0,2545.0,16.2,0.532,0.2,0.462,4.8,7.5,6.2,17.2,1.9,1.7,16.0,25.3,2.4,2.3,4.7,0.089,1.2,-0.6,0.5,1.6,6MOY-5
63,59.0,Jerry Stackhouse,23.0,PHI,SF,22.0,22.0,748.0,14.9,0.539,0.163,0.357,4.3,7.4,5.8,16.4,2.2,2.1,18.4,24.1,0.3,0.6,0.9,0.056,0.2,-0.5,-0.3,0.3,
64,59.0,Jerry Stackhouse,23.0,DET,SG,57.0,15.0,1797.0,16.8,0.53,0.215,0.504,5.1,7.5,6.3,17.5,1.8,1.6,15.1,25.8,2.2,1.7,3.8,0.103,1.6,-0.7,0.9,1.3,
65,60.0,Kevin Willis,35.0,HOU,PF,81.0,74.0,2528.0,18.3,0.555,0.007,0.293,11.0,20.7,15.9,5.8,1.1,1.1,12.6,24.1,4.3,1.7,6.0,0.114,0.3,-2.3,-1.9,0.0,
66,61.0,Cedric Henderson,22.0,CLE,SF,82.0,71.0,2527.0,10.7,0.514,0.006,0.262,3.5,12.2,7.9,11.6,2.0,1.4,16.9,17.8,-0.2,4.0,3.8,0.072,-2.7,1.1,-1.6,0.3,
67,62.0,Bryant Reeves,24.0,VAN,C,74.0,74.0,2527.0,17.3,0.559,0.004,0.336,9.0,17.7,13.3,10.9,0.8,2.2,12.6,21.8,4.3,0.6,4.9,0.093,0.5,-1.6,-1.1,0.5,
68,63.0,Lindsey Hunter,27.0,DET,PG,71.0,67.0,2505.0,12.4,0.472,0.321,0.237,2.9,8.9,5.9,15.1,2.7,0.3,10.8,19.0,1.2,2.8,4.0,0.077,-0.9,1.0,0.1,1.3,
69,64.0,Rodney Rogers,26.0,LAC,SF,76.0,70.0,2499.0,15.8,0.532,0.227,0.351,7.0,12.4,9.7,14.2,1.9,1.0,15.2,22.6,2.6,0.7,3.3,0.063,0.6,-1.5,-0.9,0.7,
70,65.0,Brevin Knight,22.0,CLE,PG,80.0,76.0,2483.0,17.1,0.515,0.012,0.424,3.4,9.1,6.3,43.7,4.2,0.6,21.6,16.7,3.5,4.9,8.4,0.163,0.5,3.1,3.6,3.5,DPOY-11
71,66.0,Clyde Drexler,35.0,HOU,SG,70.0,70.0,2473.0,19.8,0.531,0.315,0.327,5.1,11.4,8.3,27.6,2.7,1.2,13.5,25.7,5.0,1.8,6.8,0.133,3.2,0.1,3.4,3.3,
72,67.0,Jeff Hornacek,34.0,UTA,SG,80.0,80.0,2460.0,19.3,0.587,0.153,0.389,3.5,9.7,6.8,23.9,2.4,0.5,12.0,20.8,7.4,2.1,9.5,0.186,3.3,0.5,3.7,3.6,
73,68.0,David Robinson,32.0,SAS,C,73.0,73.0,2457.0,27.8,0.581,0.004,0.62,12.0,23.7,18.2,15.9,1.4,5.5,13.0,29.7,7.8,6.0,13.8,0.269,5.3,2.9,8.3,6.3,"MVP-7,DPOY-3,AS,NBA2,DEF2"
74,69.0,Theo Ratliff,24.0,2TM,C,82.0,67.0,2447.0,16.2,0.561,0.0,0.471,10.4,15.6,12.9,3.9,1.1,7.9,13.9,15.5,3.4,3.4,6.8,0.132,-0.9,1.8,0.9,1.8,
75,69.0,Theo Ratliff,24.0,DET,C,24.0,12.0,586.0,13.0,0.566,0.0,0.568,9.3,15.3,12.3,4.1,1.1,7.1,19.7,13.7,0.4,0.9,1.4,0.111,-2.5,2.8,0.3,0.3,
76,69.0,Theo Ratliff,24.0,PHI,C,58.0,55.0,1861.0,17.2,0.56,0.0,0.449,10.7,15.6,13.2,3.9,1.1,8.1,12.4,16.0,2.9,2.5,5.4,0.139,-0.4,1.5,1.1,1.4,
77,70.0,Antonio McDyess,23.0,PHO,PF,81.0,81.0,2441.0,20.3,0.571,0.002,0.355,10.1,19.0,14.7,7.5,2.2,4.0,11.7,22.5,4.8,4.6,9.4,0.185,0.8,1.4,2.1,2.5,
78,71.0,Mark Jackson,32.0,IND,PG,82.0,82.0,2413.0,17.2,0.501,0.229,0.301,3.5,12.1,8.0,46.7,1.9,0.1,20.4,16.8,4.4,3.1,7.5,0.15,2.9,0.1,3.1,3.1,
79,72.0,Larry Johnson,28.0,NYK,SF,70.0,70.0,2412.0,15.8,0.539,0.071,0.32,8.7,11.3,10.0,11.4,0.9,0.4,11.2,22.1,4.0,2.9,6.9,0.137,1.1,-0.5,0.6,1.6,
80,73.0,Zydrunas Ilgauskas,22.0,CLE,C,82.0,81.0,2379.0,19.7,0.564,0.005,0.345,14.6,22.6,18.6,5.7,1.2,4.3,12.6,22.4,4.5,4.9,9.4,0.189,1.0,0.5,1.4,2.1,
81,74.0,Hubert Davis,27.0,DAL,SG,81.0,30.0,2378.0,12.5,0.549,0.3,0.151,1.6,6.5,4.0,11.4,1.0,0.1,9.7,17.4,3.1,0.3,3.4,0.068,-0.4,-1.6,-2.0,0.0,
82,75.0,P.J. Brown,28.0,MIA,PF,74.0,74.0,2362.0,15.0,0.522,0.0,0.334,12.1,19.2,15.8,7.2,1.5,3.0,12.5,15.3,3.5,4.0,7.5,0.152,-0.2,1.0,0.8,1.7,
83,76.0,John Wallace,23.0,TOR,SF,82.0,36.0,2361.0,14.8,0.518,0.002,0.299,5.3,12.6,8.9,8.5,1.4,2.9,13.4,23.8,1.1,0.5,1.5,0.031,-1.1,-1.9,-3.0,-0.6,
84,77.0,Clifford Robinson,31.0,PHO,SF,80.0,64.0,2359.0,17.4,0.538,0.094,0.402,7.7,12.5,10.1,11.9,2.0,2.8,11.7,22.9,3.6,3.5,7.1,0.144,0.4,0.7,1.1,1.8,
85,78.0,Billy Owens,28.0,SAC,SF,78.0,78.0,2348.0,14.4,0.502,0.096,0.271,7.9,20.0,13.8,15.4,2.1,1.1,15.8,18.3,0.9,2.8,3.7,0.075,-0.8,0.6,-0.3,1.0,
86,79.0,Joe Smith,22.0,2TM,PF,79.0,55.0,2344.0,14.4,0.482,0.007,0.274,9.1,12.9,11.0,7.7,1.4,1.5,11.6,25.4,0.6,2.0,2.6,0.052,-1.2,-1.2,-2.4,-0.3,
87,79.0,Joe Smith,22.0,GSW,PF,49.0,49.0,1645.0,15.1,0.474,0.009,0.26,8.9,13.2,11.0,8.0,1.4,1.6,10.6,26.4,0.4,1.4,1.8,0.053,-0.8,-1.1,-2.0,0.0,
88,79.0,Joe Smith,22.0,PHI,PF,30.0,6.0,699.0,12.9,0.503,0.004,0.315,9.5,12.4,10.9,7.1,1.4,1.4,14.5,23.1,0.2,0.5,0.8,0.052,-2.2,-1.3,-3.5,-0.3,
89,80.0,Jayson Williams,29.0,NJN,C,65.0,65.0,2343.0,18.7,0.541,0.006,0.454,20.5,23.2,21.8,4.5,1.0,1.5,10.9,16.1,6.1,2.3,8.4,0.172,2.3,-2.0,0.3,1.4,AS
90,81.0,Walter McCarty,23.0,BOS,SF,82.0,64.0,2340.0,11.6,0.483,0.24,0.266,6.5,12.3,9.2,11.9,2.4,1.5,14.7,17.7,0.8,2.2,2.9,0.06,-1.4,-0.1,-1.5,0.3,
91,82.0,Arvydas Sabonis,33.0,POR,C,73.0,73.0,2333.0,20.9,0.581,0.139,0.49,7.7,27.9,18.2,16.9,1.5,2.5,15.9,23.2,5.1,4.6,9.7,0.2,2.2,2.2,4.4,3.8,
92,83.0,Joe Dumars,34.0,DET,SG,72.0,72.0,2326.0,14.3,0.549,0.539,0.195,0.7,4.6,2.7,18.9,1.0,0.1,8.9,18.9,4.8,1.2,5.9,0.122,2.3,-1.3,1.0,1.7,
93,84.0,Keith Van Horn,22.0,NJN,PF,62.0,62.0,2325.0,15.7,0.516,0.214,0.291,6.6,14.1,10.1,7.9,1.5,0.8,12.2,25.2,3.2,1.6,4.8,0.098,0.7,-1.6,-0.8,0.7,ROY-2
94,85.0,Clarence Weatherspoon,27.0,2TM,PF,79.0,49.0,2325.0,14.0,0.504,0.0,0.456,9.3,19.3,14.2,6.4,1.9,2.3,14.0,16.2,1.5,3.0,4.5,0.093,-1.2,0.3,-0.8,0.7,
95,85.0,Clarence Weatherspoon,27.0,PHI,PF,48.0,18.0,1290.0,13.7,0.497,0.0,0.526,9.6,20.4,15.0,5.1,1.8,3.0,14.5,16.6,0.7,1.7,2.4,0.087,-1.4,-0.2,-1.6,0.1,
96,85.0,Clarence Weatherspoon,27.0,GSW,PF,31.0,31.0,1035.0,14.4,0.513,0.0,0.372,8.9,18.0,13.3,8.0,2.1,1.5,13.4,15.7,0.9,1.3,2.2,0.101,-0.9,1.0,0.1,0.6,
97,86.0,Charlie Ward,27.0,NYK,PG,82.0,82.0,2317.0,15.6,0.567,0.417,0.219,1.7,12.6,7.1,32.4,3.4,1.2,23.6,15.0,2.6,4.5,7.1,0.148,0.7,3.4,4.1,3.6,
98,87.0,Darrick Martin,26.0,LAC,PG,82.0,63.0,2299.0,12.3,0.509,0.401,0.297,0.9,7.2,4.1,23.2,1.9,0.3,15.7,18.9,2.0,-0.1,1.9,0.041,-1.0,-1.8,-2.8,-0.5,
99,88.0,Glenn Robinson,25.0,MIL,SF,56.0,56.0,2294.0,16.8,0.522,0.057,0.234,4.3,12.1,8.2,13.8,1.6,1.1,13.8,28.9,1.3,1.8,3.1,0.065,1.2,-1.2,0.0,1.1,
100,89.0,Dennis Scott,29.0,2TM,SF,81.0,45.0,2290.0,12.1,0.502,0.413,0.157,2.3,9.9,6.1,11.3,1.2,1.2,10.5,19.7,1.1,1.3,2.4,0.05,-0.1,-1.0,-1.1,0.5,
101,89.0,Dennis Scott,29.0,DAL,SF,52.0,42.0,1797.0,12.2,0.492,0.41,0.177,2.4,10.0,6.1,12.4,1.3,1.2,11.4,20.6,0.5,0.8,1.3,0.036,-0.2,-1.1,-1.3,0.3,
102,89.0,Dennis Scott,29.0,PHO,SF,29.0,3.0,493.0,11.9,0.541,0.426,0.074,1.9,9.7,5.9,7.6,1.1,1.0,6.7,16.5,0.6,0.5,1.0,0.101,0.1,-0.7,-0.6,0.2,
103,90.0,Ron Harper,34.0,CHI,PG,82.0,82.0,2284.0,14.7,0.503,0.126,0.325,5.3,9.2,7.3,16.4,2.5,1.5,10.7,16.7,3.4,3.7,7.2,0.151,-0.2,2.1,1.9,2.3,
104,91.0,Christian Laettner,28.0,ATL,PF,74.0,49.0,2282.0,18.5,0.576,0.037,0.485,7.6,17.2,12.6,14.6,1.7,2.2,17.1,21.7,4.6,3.0,7.5,0.159,1.4,1.0,2.4,2.5,
105,92.0,Anthony Johnson,23.0,SAC,PG,77.0,62.0,2266.0,8.6,0.437,0.21,0.181,2.4,6.0,4.2,22.3,1.5,0.2,15.4,15.2,-0.4,0.8,0.4,0.008,-3.3,-1.1,-4.4,-1.4,
106,93.0,Isaac Austin,28.0,2TM,C,78.0,50.0,2266.0,16.3,0.512,0.009,0.417,10.3,18.0,14.2,14.0,1.4,1.7,16.7,25.0,1.2,2.5,3.6,0.077,-0.4,-0.9,-1.3,0.4,
107,93.0,Isaac Austin,28.0,MIA,C,52.0,25.0,1371.0,16.8,0.521,0.006,0.429,10.5,17.5,14.1,11.8,1.7,1.8,15.6,25.5,1.1,2.2,3.2,0.113,-0.4,-0.1,-0.5,0.5,
108,93.0,Isaac Austin,28.0,LAC,C,26.0,25.0,895.0,15.6,0.497,0.015,0.398,10.1,18.9,14.4,17.3,1.0,1.6,18.3,24.2,0.1,0.3,0.4,0.022,-0.6,-2.1,-2.6,-0.1,
109,94.0,Rex Chapman,30.0,PHO,SG,68.0,67.0,2263.0,14.5,0.521,0.325,0.196,1.6,7.2,4.5,14.8,1.6,0.4,10.0,23.1,2.4,2.1,4.5,0.095,0.9,-0.7,0.2,1.3,
110,95.0,Ervin Johnson,30.0,MIL,C,81.0,81.0,2261.0,15.6,0.564,0.0,0.505,12.9,24.1,18.5,4.2,1.9,5.2,16.9,14.0,2.7,3.8,6.4,0.136,-1.1,1.5,0.3,1.3,
111,96.0,Charles Barkley,34.0,HOU,PF,68.0,41.0,2243.0,21.6,0.564,0.113,0.534,12.9,28.8,20.9,16.6,1.7,0.9,13.8,21.6,6.1,2.5,8.6,0.183,3.2,-0.4,2.8,2.7,
112,97.0,Sam Mitchell,34.0,MIN,SF,81.0,33.0,2239.0,15.8,0.539,0.054,0.365,6.0,13.4,9.8,7.6,1.5,0.7,6.6,19.7,4.7,1.4,6.1,0.131,0.4,-0.9,-0.5,0.8,
113,98.0,Toni Kukoč,29.0,CHI,SF,74.0,52.0,2235.0,17.3,0.525,0.207,0.26,6.2,10.6,8.4,23.4,1.8,1.2,14.1,21.9,3.7,3.3,7.0,0.15,2.4,0.9,3.3,3.0,
114,99.0,Tracy Murray,26.0,WAS,SF,82.0,12.0,2227.0,17.3,0.563,0.4,0.208,3.7,10.7,7.1,6.5,1.6,0.8,8.5,24.0,4.6,1.9,6.5,0.139,2.8,-0.8,2.0,2.3,6MOY-6
115,100.0,Jaren Jackson,30.0,SAS,SG,82.0,45.0,2226.0,9.7,0.511,0.454,0.18,3.0,7.6,5.4,11.4,1.5,0.3,12.8,17.1,1.3,2.8,4.1,0.088,-2.0,0.5,-1.5,0.3,
116,101.0,Bryon Russell,27.0,UTA,SF,82.0,7.0,2219.0,12.9,0.57,0.408,0.53,4.7,13.0,9.1,7.0,2.2,1.0,11.1,15.2,3.8,2.2,6.0,0.13,0.3,0.4,0.8,1.6,
117,102.0,Matt Maloney,26.0,HOU,PG,78.0,78.0,2217.0,10.5,0.539,0.59,0.133,0.9,6.6,3.8,15.6,1.5,0.2,14.7,14.9,1.9,0.3,2.2,0.047,-0.6,-1.3,-1.8,0.1,
118,103.0,Chauncey Billups,21.0,2TM,PG,80.0,70.0,2216.0,13.6,0.516,0.434,0.355,3.0,7.1,5.0,22.6,2.5,0.1,16.7,20.4,2.1,0.9,3.0,0.065,0.2,-1.4,-1.2,0.5,
119,103.0,Chauncey Billups,21.0,BOS,PG,51.0,44.0,1296.0,15.4,0.53,0.416,0.396,3.3,7.3,5.1,26.7,3.1,0.1,18.1,21.7,1.6,1.0,2.6,0.096,1.2,-0.4,0.8,0.9,
120,103.0,Chauncey Billups,21.0,TOR,PG,29.0,26.0,920.0,11.1,0.493,0.461,0.292,2.6,7.0,4.7,16.7,1.7,0.1,14.4,18.5,0.6,-0.2,0.4,0.02,-1.2,-2.8,-4.0,-0.4,
121,104.0,Anthony Goldwire,26.0,DEN,PG,82.0,32.0,2212.0,13.6,0.523,0.258,0.292,2.1,5.9,3.9,22.5,2.1,0.2,10.6,16.5,3.3,-0.4,3.0,0.064,-0.2,-1.6,-1.7,0.1,
122,105.0,Otis Thorpe,35.0,2TM,PF,74.0,66.0,2197.0,13.4,0.515,0.008,0.385,7.8,20.1,13.9,16.3,1.1,0.9,17.2,17.8,1.4,1.1,2.5,0.055,-1.3,-0.7,-2.1,0.0,
123,105.0,Otis Thorpe,35.0,VAN,PF,47.0,46.0,1574.0,13.0,0.523,0.009,0.395,7.3,19.7,13.6,16.3,1.0,1.0,18.6,17.5,0.9,0.4,1.4,0.041,-1.4,-1.0,-2.4,-0.2,
124,105.0,Otis Thorpe,35.0,SAC,PF,27.0,20.0,623.0,14.4,0.498,0.005,0.361,8.9,21.0,14.8,16.1,1.5,0.8,14.1,18.7,0.5,0.7,1.1,0.088,-1.3,0.1,-1.2,0.1,
125,106.0,Robert Horry,27.0,LAL,PF,72.0,71.0,2192.0,14.4,0.542,0.221,0.402,9.8,17.9,14.0,10.6,2.6,3.0,16.7,11.9,3.0,3.6,6.6,0.144,0.3,2.3,2.5,2.5,
126,107.0,Antonio Davis,29.0,IND,PF,82.0,12.0,2191.0,15.3,0.558,0.006,0.754,11.1,19.2,15.4,4.5,1.1,2.3,12.8,17.5,3.8,3.6,7.4,0.163,-0.3,0.2,-0.1,1.1,
127,108.0,John Starks,32.0,NYK,SG,82.0,10.0,2188.0,14.3,0.504,0.42,0.248,2.6,10.0,6.3,18.1,1.9,0.2,12.0,25.6,1.5,3.1,4.6,0.101,0.4,0.3,0.7,1.5,6MOY-4
128,109.0,Chris Mills,28.0,NYK,SF,80.0,29.0,2183.0,12.7,0.512,0.203,0.28,6.6,15.9,11.2,10.4,1.1,1.1,12.4,18.6,1.9,3.3,5.1,0.113,-1.0,0.6,-0.4,0.9,
129,110.0,Chris Mullin,34.0,IND,SF,82.0,82.0,2177.0,16.9,0.607,0.351,0.237,2.2,11.1,6.9,14.6,2.4,1.3,13.3,19.3,4.4,3.2,7.6,0.168,2.4,1.9,4.3,3.5,
130,111.0,Johnny Newman,34.0,DEN,SF,74.0,15.0,2176.0,14.9,0.547,0.131,0.557,2.6,5.1,3.8,12.2,1.9,0.8,12.9,23.9,3.2,-0.4,2.7,0.06,-0.4,-2.2,-2.6,-0.3,
131,112.0,Shaquille O'Neal,25.0,LAL,C,60.0,57.0,2175.0,28.8,0.587,0.0,0.594,11.1,24.0,17.7,13.5,0.9,4.6,10.8,32.9,6.7,3.4,10.2,0.224,5.7,0.2,5.8,4.3,"MVP-4,AS,NBA1"
132,113.0,Dale Davis,28.0,IND,C,78.0,78.0,2174.0,15.2,0.546,0.0,0.345,13.6,19.9,16.9,5.3,1.3,2.8,11.3,14.2,3.4,3.8,7.1,0.158,0.6,0.6,1.3,1.8,
133,114.0,Derrick Coleman,30.0,PHI,PF,59.0,58.0,2135.0,17.5,0.5,0.113,0.451,8.0,23.8,15.8,12.3,1.1,2.4,13.1,25.2,1.8,2.7,4.4,0.1,1.1,-0.6,0.5,1.3,
134,115.0,Armen Gilliam,33.0,MIL,PF,82.0,25.0,2114.0,16.4,0.56,0.006,0.493,8.4,17.1,12.7,8.5,1.6,1.3,15.2,20.9,3.1,2.1,5.3,0.119,0.4,-0.3,0.1,1.1,
135,116.0,Rik Smits,31.0,IND,C,73.0,69.0,2085.0,19.9,0.532,0.003,0.231,7.7,20.8,14.6,9.9,1.0,3.0,10.5,29.2,2.5,3.6,6.1,0.141,0.6,0.3,0.9,1.6,"MVP-16,AS"
136,117.0,Lorenzen Wright,22.0,LAC,C,69.0,38.0,2067.0,13.6,0.49,0.004,0.395,9.8,23.7,16.7,4.3,1.4,2.8,11.3,15.4,1.5,1.5,3.1,0.071,-1.9,-0.7,-2.6,-0.3,
137,118.0,Tyrone Hill,29.0,MIL,PF,57.0,56.0,2064.0,13.6,0.538,0.002,0.61,12.4,23.6,18.0,6.8,1.7,1.1,16.7,14.1,2.2,2.6,4.8,0.113,-0.4,0.0,-0.4,0.8,
138,119.0,Kobe Bryant,19.0,LAL,SF,79.0,1.0,2056.0,18.5,0.548,0.241,0.501,4.5,8.7,6.7,16.0,1.8,1.3,12.4,27.2,4.5,1.8,6.3,0.147,2.2,-0.8,1.4,1.8,"6MOY-2,AS"
139,120.0,Nick Van Exel,26.0,LAL,PG,64.0,46.0,2053.0,17.8,0.538,0.425,0.231,1.8,8.8,5.3,33.5,1.6,0.2,11.3,19.8,5.6,1.5,7.1,0.166,3.7,-1.0,2.6,2.4,AS
140,121.0,Adam Keefe,27.0,UTA,F,80.0,75.0,2047.0,14.5,0.605,0.0,0.472,11.6,14.8,13.3,6.7,1.4,0.9,12.2,13.2,4.8,1.7,6.5,0.153,1.3,-0.6,0.6,1.3,
141,122.0,Bobby Jackson,24.0,DEN,PG,68.0,53.0,2042.0,13.6,0.453,0.102,0.231,4.4,13.3,8.7,29.5,2.8,0.4,17.4,23.5,-1.3,0.7,-0.6,-0.014,-1.3,-1.3,-2.6,-0.3,
142,123.0,Marcus Camby,23.0,TOR,C,63.0,58.0,2002.0,15.9,0.448,0.003,0.327,10.9,15.3,13.0,9.4,1.8,7.9,13.6,21.6,-0.6,1.5,0.9,0.022,-2.0,0.4,-1.6,0.2,
143,124.0,Alan Henderson,25.0,ATL,PF,69.0,33.0,2000.0,18.4,0.534,0.008,0.515,12.2,13.8,13.0,6.7,1.1,1.3,10.6,23.9,4.2,1.8,6.0,0.144,1.4,-1.9,-0.5,0.8,MIP-1
144,125.0,Mario Elie,34.0,HOU,SF,73.0,59.0,1988.0,12.9,0.575,0.414,0.382,2.3,6.9,4.6,17.4,2.1,0.3,15.8,14.4,3.2,0.6,3.8,0.092,-0.2,-0.1,-0.4,0.8,
145,126.0,Michael Curry,29.0,MIL,SG,82.0,27.0,1978.0,9.1,0.548,0.022,0.421,1.6,4.5,3.0,10.9,1.5,0.5,13.5,13.2,2.1,0.9,2.9,0.071,-2.9,0.0,-2.9,-0.5,6MOY-6
146,127.0,Blue Edwards,32.0,VAN,SG,81.0,20.0,1968.0,14.5,0.521,0.162,0.29,3.6,9.1,6.3,17.2,2.3,1.0,13.8,21.9,1.8,0.3,2.1,0.052,-0.5,-1.0,-1.5,0.2,
147,128.0,Antonio Daniels,22.0,VAN,SG,74.0,50.0,1956.0,9.9,0.465,0.095,0.31,1.3,7.1,4.2,26.6,1.5,0.4,20.8,17.9,-0.9,-0.4,-1.3,-0.032,-2.4,-2.6,-5.0,-1.5,
148,129.0,Khalid Reeves,25.0,DAL,PG,82.0,54.0,1950.0,13.1,0.522,0.256,0.359,3.0,7.6,5.3,19.8,2.2,0.4,15.9,19.2,1.5,1.0,2.5,0.062,-1.5,-0.4,-1.9,0.0,
149,130.0,Dale Ellis,37.0,SEA,SF,79.0,0.0,1939.0,16.6,0.612,0.391,0.203,3.2,8.1,5.7,7.7,1.7,0.2,8.8,20.0,4.6,1.4,6.0,0.149,2.7,-1.1,1.6,1.8,6MOY-3
150,131.0,Alonzo Mourning,27.0,MIA,C,58.0,56.0,1939.0,22.4,0.595,0.0,0.635,12.1,21.4,16.9,5.2,1.1,4.9,16.0,26.8,3.9,3.6,7.5,0.185,1.8,0.7,2.5,2.2,
151,132.0,Dan Majerle,32.0,MIA,SG,72.0,22.0,1928.0,12.2,0.562,0.672,0.116,3.0,13.0,8.2,13.0,1.9,0.6,12.3,12.7,2.8,2.5,5.3,0.131,0.7,1.5,2.3,2.1,
152,133.0,Brian Grant,25.0,POR,SF,61.0,49.0,1921.0,16.7,0.561,0.002,0.409,12.4,20.9,16.8,7.7,1.2,1.7,14.3,18.1,3.3,3.0,6.3,0.157,0.4,0.1,0.5,1.2,
153,134.0,Bobby Phills,28.0,CHH,SG,62.0,61.0,1887.0,12.5,0.523,0.207,0.254,3.8,10.0,6.9,16.0,2.3,0.7,15.0,17.7,1.5,1.7,3.2,0.081,-0.9,0.4,-0.5,0.7,
154,135.0,John Stockton,35.0,UTA,PG,64.0,64.0,1858.0,21.8,0.628,0.178,0.452,2.5,8.2,5.6,47.8,2.6,0.4,20.8,19.3,6.4,1.6,8.0,0.206,5.5,0.2,5.6,3.6,MVP-13
155,136.0,Kenny Anderson,27.0,2TM,PG,61.0,56.0,1858.0,14.8,0.491,0.237,0.288,2.5,8.4,5.4,31.4,2.5,0.0,15.8,21.8,1.7,2.0,3.7,0.096,0.3,0.0,0.3,1.1,
156,136.0,Kenny Anderson,27.0,POR,PG,45.0,40.0,1472.0,13.3,0.48,0.252,0.275,3.0,7.5,5.3,28.3,2.2,0.0,16.2,21.7,0.8,1.6,2.3,0.076,-0.2,0.0,-0.2,0.7,
157,136.0,Kenny Anderson,27.0,BOS,PG,16.0,16.0,386.0,20.4,0.531,0.184,0.333,0.8,12.0,5.9,43.4,3.5,0.0,14.7,22.1,1.0,0.4,1.4,0.171,2.1,0.2,2.4,0.4,
158,137.0,Matt Geiger,28.0,CHH,C,78.0,42.0,1839.0,20.2,0.544,0.016,0.333,13.0,21.1,17.1,7.6,2.0,3.5,12.0,23.2,3.2,2.7,5.9,0.154,1.2,-0.1,1.1,1.5,
159,138.0,Derek Anderson,23.0,CLE,SF,66.0,13.0,1839.0,15.3,0.531,0.143,0.538,3.7,8.7,6.2,21.3,2.5,0.5,15.0,21.4,2.6,2.8,5.3,0.139,0.3,1.4,1.7,1.7,
160,139.0,Lee Mayberry,27.0,VAN,PG,79.0,32.0,1835.0,9.2,0.489,0.516,0.146,1.2,5.9,3.6,27.7,1.8,0.4,23.3,11.7,0.7,-0.3,0.4,0.012,-2.1,-1.6,-3.7,-0.8,
161,140.0,Shawn Bradley,25.0,DAL,C,64.0,46.0,1822.0,17.7,0.463,0.004,0.253,9.8,22.1,15.8,5.9,1.5,8.2,10.8,22.3,0.0,3.0,2.9,0.077,-2.1,1.6,-0.4,0.7,
162,141.0,Aaron McKie,25.0,2TM,SF,81.0,32.0,1813.0,8.6,0.41,0.165,0.144,3.7,11.2,7.4,15.0,3.0,0.5,15.8,12.0,-0.7,2.0,1.4,0.036,-3.5,2.0,-1.5,0.2,
163,141.0,Aaron McKie,25.0,DET,SF,24.0,1.0,472.0,10.1,0.478,0.163,0.221,6.0,11.2,8.6,12.9,2.7,0.2,17.4,13.6,0.1,0.6,0.7,0.069,-2.3,2.0,-0.3,0.2,
164,141.0,Aaron McKie,25.0,PHI,SG,57.0,31.0,1341.0,8.1,0.383,0.166,0.116,2.9,11.1,7.0,15.8,3.1,0.7,15.2,11.5,-0.8,1.4,0.7,0.024,-4.0,2.0,-1.9,0.0,
165,142.0,Danny Fortson,21.0,DEN,PF,80.0,23.0,1811.0,14.3,0.537,0.005,0.555,11.5,17.8,14.6,8.0,1.3,1.2,17.1,23.1,1.5,0.4,1.9,0.051,-2.5,-2.5,-5.0,-1.4,
166,143.0,Vlade Divac,29.0,CHH,C,64.0,41.0,1805.0,19.4,0.539,0.026,0.351,12.4,22.2,17.3,15.8,2.5,3.8,15.6,18.8,2.9,3.0,5.9,0.158,1.8,2.2,4.0,2.7,
167,144.0,Danny Manning,31.0,PHO,PF,70.0,11.0,1794.0,19.8,0.554,0.009,0.299,7.3,17.9,12.8,13.6,2.1,1.9,10.5,24.1,3.5,3.0,6.5,0.174,1.4,1.3,2.7,2.1,6MOY-1
168,145.0,Terry Porter,34.0,MIN,PG,82.0,8.0,1786.0,17.3,0.586,0.404,0.338,2.4,8.2,5.3,23.5,1.8,0.6,13.6,19.1,4.3,0.9,5.2,0.139,2.9,-0.4,2.4,2.0,
169,146.0,Elden Campbell,29.0,LAL,PF,81.0,28.0,1784.0,16.4,0.527,0.003,0.548,9.3,19.3,14.4,6.9,1.0,4.0,12.9,22.0,2.3,2.4,4.7,0.126,-1.0,-0.3,-1.4,0.3,
170,147.0,Terrell Brandon,27.0,MIL,PG,50.0,48.0,1784.0,20.2,0.526,0.127,0.213,1.6,10.6,6.0,40.0,3.3,0.7,15.3,24.2,3.1,2.0,5.1,0.136,2.8,0.8,3.7,2.5,
171,148.0,Tim Thomas,20.0,PHI,SF,77.0,48.0,1779.0,14.8,0.538,0.25,0.338,6.9,11.8,9.3,9.3,1.6,0.7,13.1,22.8,2.1,1.3,3.4,0.091,0.7,-1.2,-0.5,0.7,
172,149.0,Michael Stewart,22.0,SAC,C,81.0,37.0,1761.0,12.9,0.486,0.0,0.44,12.2,21.9,16.9,5.2,0.9,7.5,18.1,11.9,0.4,2.6,3.0,0.081,-3.3,1.9,-1.5,0.2,
173,150.0,Derek Harper,36.0,ORL,SG,66.0,45.0,1761.0,11.5,0.491,0.303,0.146,1.5,5.5,3.4,23.2,2.3,0.4,14.9,17.6,0.9,1.5,2.3,0.063,-1.6,0.2,-1.3,0.3,
174,151.0,Derek Fisher,23.0,LAL,PG,82.0,36.0,1760.0,12.9,0.533,0.214,0.402,2.5,9.7,6.2,27.0,2.2,0.2,21.1,14.1,2.2,1.6,3.8,0.104,-0.3,0.3,0.0,0.9,
175,152.0,Elliot Perry,28.0,MIL,PG,81.0,33.0,1752.0,11.5,0.485,0.089,0.194,1.4,6.1,3.8,22.1,2.7,0.1,17.4,19.2,0.0,1.3,1.3,0.035,-2.3,0.0,-2.2,-0.1,
176,153.0,Eric Piatkowski,27.0,LAC,SG,67.0,35.0,1740.0,15.5,0.591,0.456,0.299,4.5,11.0,7.7,8.2,1.5,0.5,11.1,18.4,3.8,0.1,3.9,0.108,1.8,-1.7,0.2,0.9,
177,154.0,Jamal Mashburn,25.0,MIA,SF,48.0,48.0,1729.0,14.1,0.533,0.211,0.4,5.0,10.8,8.0,13.3,1.4,0.6,13.7,21.2,2.2,1.8,4.1,0.113,0.6,-0.5,0.1,0.9,
178,155.0,Howard Eisley,25.0,UTA,PG,82.0,18.0,1726.0,13.6,0.541,0.227,0.287,1.9,9.5,6.0,32.1,1.7,0.6,21.5,20.0,1.7,1.2,2.9,0.081,0.3,-0.9,-0.6,0.6,
179,156.0,Vinny Del Negro,31.0,SAS,SG,54.0,38.0,1721.0,11.1,0.493,0.081,0.194,0.9,8.8,5.1,17.5,1.2,0.2,9.3,15.6,1.6,2.1,3.7,0.104,-2.2,0.7,-1.5,0.2,
180,157.0,Dee Brown,29.0,2TM,SG,72.0,12.0,1719.0,14.2,0.555,0.482,0.126,1.5,9.1,5.1,14.8,2.5,1.0,11.0,16.9,2.6,0.8,3.4,0.095,0.9,-0.5,0.4,1.0,
181,157.0,Dee Brown,29.0,BOS,SG,41.0,10.0,811.0,11.4,0.524,0.443,0.11,1.3,8.3,4.5,10.4,2.8,0.6,10.7,16.0,0.7,0.7,1.3,0.078,-1.2,0.3,-0.8,0.2,
182,157.0,Dee Brown,29.0,TOR,SG,31.0,2.0,908.0,16.8,0.58,0.515,0.14,1.7,9.8,5.6,18.8,2.2,1.3,11.2,17.7,2.0,0.1,2.1,0.11,2.7,-1.2,1.6,0.8,
183,158.0,Jalen Rose,25.0,IND,SF,82.0,0.0,1706.0,14.1,0.545,0.12,0.376,2.1,11.2,6.9,16.0,1.8,0.6,15.7,23.4,1.1,2.2,3.3,0.092,-0.9,0.4,-0.6,0.6,
184,159.0,Terry Davis,30.0,WAS,PF,74.0,66.0,1705.0,10.5,0.524,0.004,0.465,13.5,18.7,16.0,2.5,1.3,1.0,15.4,9.5,1.8,1.9,3.6,0.103,-2.2,-0.5,-2.7,-0.3,
185,160.0,Cherokee Parks,25.0,MIN,C,79.0,43.0,1703.0,13.6,0.533,0.002,0.376,9.4,19.6,14.6,4.7,1.1,3.6,11.2,15.4,2.0,1.8,3.8,0.108,-2.1,-0.2,-2.3,-0.1,
186,161.0,Luc Longley,29.0,CHI,C,58.0,58.0,1703.0,13.5,0.492,0.0,0.243,7.6,15.4,11.5,15.5,1.1,2.6,16.2,21.2,0.6,2.8,3.4,0.096,-2.0,1.1,-0.9,0.5,
187,162.0,Nick Anderson,30.0,ORL,SF,58.0,44.0,1701.0,19.6,0.529,0.284,0.264,6.6,14.1,10.3,14.1,2.3,1.0,9.2,25.0,3.1,2.1,5.3,0.149,4.0,0.7,4.8,2.9,
188,163.0,Sherman Douglas,31.0,NJN,PG,80.0,11.0,1699.0,15.6,0.541,0.089,0.334,3.3,6.0,4.6,30.4,1.7,0.3,15.7,17.9,3.3,0.7,4.0,0.112,1.3,-0.7,0.6,1.1,
189,164.0,Dana Barros,30.0,BOS,PG,80.0,15.0,1686.0,18.6,0.583,0.404,0.236,1.8,9.6,5.3,28.4,2.5,0.3,13.7,20.0,4.4,1.3,5.6,0.16,3.5,0.0,3.5,2.3,
190,165.0,Tony Delk,24.0,2TM,PG,77.0,9.0,1681.0,13.1,0.452,0.197,0.189,2.3,8.8,5.5,19.3,2.3,0.5,11.2,25.3,-0.6,1.3,0.8,0.022,-1.1,-0.3,-1.5,0.2,
191,165.0,Tony Delk,24.0,CHH,PG,3.0,0.0,34.0,2.4,0.82,0.25,0.5,0.0,7.0,3.6,13.3,0.0,0.0,45.0,12.1,0.0,0.0,0.0,-0.025,-6.1,-0.4,-6.5,0.0,
192,165.0,Tony Delk,24.0,GSW,PG,74.0,9.0,1647.0,13.3,0.45,0.196,0.188,2.4,8.8,5.5,19.4,2.3,0.5,10.9,25.5,-0.5,1.3,0.8,0.023,-1.0,-0.3,-1.4,0.3,
193,166.0,Sam Perkins,36.0,SEA,PF,81.0,0.0,1675.0,13.6,0.55,0.471,0.272,3.9,14.2,9.1,10.3,2.0,1.3,10.5,16.3,2.6,2.0,4.5,0.13,0.9,0.5,1.4,1.4,
194,167.0,Steve Nash,23.0,PHO,PG,76.0,9.0,1664.0,15.6,0.556,0.334,0.147,2.3,8.8,5.6,25.2,2.0,0.2,13.6,19.6,2.9,1.8,4.8,0.137,1.1,0.3,1.4,1.4,
195,168.0,Reggie Slater,27.0,TOR,PF,78.0,28.0,1662.0,12.4,0.52,0.0,0.702,8.7,12.0,10.3,7.2,1.4,1.2,14.5,18.5,1.3,0.1,1.5,0.042,-2.2,-2.5,-4.6,-1.1,
196,169.0,Scottie Pippen,32.0,CHI,SF,44.0,44.0,1652.0,20.4,0.533,0.273,0.274,3.7,12.1,7.9,26.5,2.6,1.9,12.1,24.4,3.7,3.0,6.6,0.193,3.3,1.6,5.0,2.9,"MVP-10,DPOY-9,NBA3,DEF1"
197,170.0,Malik Sealy,27.0,DET,SF,77.0,10.0,1641.0,12.8,0.505,0.081,0.36,3.5,12.5,7.9,10.4,2.2,0.9,11.9,18.8,1.2,2.0,3.2,0.093,-1.5,0.9,-0.6,0.6,
198,171.0,Derek Strong,29.0,ORL,PF,58.0,8.0,1638.0,16.6,0.497,0.006,0.452,10.7,20.2,15.3,5.8,1.0,1.1,9.1,22.8,2.5,2.0,4.4,0.13,0.1,-1.2,-1.1,0.4,
199,172.0,Rony Seikaly,32.0,2TM,C,56.0,49.0,1636.0,15.0,0.514,0.003,0.573,10.2,18.2,14.1,8.5,0.9,1.9,16.8,24.3,0.9,1.9,2.7,0.08,-1.0,-0.9,-1.9,0.1,
200,172.0,Rony Seikaly,32.0,ORL,C,47.0,47.0,1484.0,15.8,0.524,0.004,0.567,10.1,18.4,14.2,8.6,0.9,1.9,16.6,24.9,1.0,1.7,2.8,0.09,-0.6,-0.9,-1.5,0.2,
201,172.0,Rony Seikaly,32.0,NJN,C,9.0,2.0,152.0,6.8,0.397,0.0,0.659,11.4,16.3,13.7,7.7,1.0,1.9,18.5,18.6,-0.2,0.1,-0.1,-0.019,-5.4,-0.7,-6.1,-0.2,
202,173.0,Hakeem Olajuwon,35.0,HOU,C,47.0,45.0,1633.0,20.8,0.531,0.005,0.335,8.5,24.6,16.7,15.8,2.7,4.1,14.8,23.7,2.0,2.5,4.5,0.131,1.0,2.0,3.0,2.1,
203,174.0,Oliver Miller,27.0,TOR,C,64.0,53.0,1628.0,12.8,0.485,0.011,0.274,9.7,18.2,13.8,18.8,1.8,3.0,24.1,14.7,-0.1,0.9,0.9,0.026,-1.9,0.1,-1.8,0.1,
204,175.0,Shandon Anderson,24.0,UTA,SG,82.0,2.0,1602.0,15.7,0.586,0.064,0.37,7.1,10.3,8.8,9.4,2.2,0.8,13.5,19.5,2.9,1.4,4.2,0.127,0.8,-0.1,0.7,1.1,
205,176.0,Brent Barry,26.0,2TM,SG,58.0,36.0,1600.0,14.3,0.558,0.453,0.265,2.1,10.2,6.1,15.8,2.1,1.1,15.5,18.7,2.1,0.6,2.7,0.08,0.7,-0.2,0.5,1.0,
206,176.0,Brent Barry,26.0,LAC,SG,41.0,36.0,1341.0,14.9,0.564,0.439,0.275,2.3,9.9,6.1,16.4,1.9,1.1,16.0,19.6,1.8,0.2,2.0,0.072,1.3,-0.8,0.5,0.8,
207,176.0,Brent Barry,26.0,MIA,SG,17.0,0.0,259.0,11.2,0.52,0.548,0.194,0.9,11.4,6.3,12.8,3.0,1.1,11.8,13.7,0.3,0.4,0.7,0.125,-2.1,2.6,0.5,0.2,
208,177.0,Chris Childs,30.0,NYK,PG,68.0,0.0,1599.0,11.6,0.524,0.246,0.356,2.2,10.0,6.1,26.6,1.9,0.3,20.1,15.0,1.4,2.3,3.7,0.11,-1.7,1.5,-0.2,0.7,
209,178.0,Tom Gugliotta,28.0,MIN,SF,41.0,41.0,1582.0,20.5,0.561,0.027,0.351,7.7,17.8,12.8,17.9,2.0,1.0,12.9,23.6,3.4,1.5,5.0,0.151,3.1,0.2,3.2,2.1,
210,179.0,Muggsy Bogues,33.0,2TM,PG,61.0,31.0,1570.0,12.4,0.492,0.05,0.211,2.0,7.1,4.5,33.6,2.2,0.1,22.9,12.7,0.7,1.0,1.7,0.053,-1.5,0.2,-1.4,0.3,
211,179.0,Muggsy Bogues,33.0,CHH,PG,2.0,0.0,16.0,20.6,0.51,0.0,0.4,0.0,7.5,3.8,40.0,6.7,0.0,14.5,19.9,0.0,0.0,0.1,0.193,0.6,5.4,6.0,0.0,
212,179.0,Muggsy Bogues,33.0,GSW,PG,59.0,31.0,1554.0,12.3,0.491,0.05,0.208,2.0,7.1,4.5,33.5,2.2,0.1,23.1,12.7,0.7,1.0,1.7,0.051,-1.5,0.1,-1.4,0.2,
213,180.0,Travis Best,25.0,IND,PG,82.0,0.0,1547.0,13.6,0.498,0.146,0.273,2.3,7.0,4.7,29.9,3.0,0.2,17.1,20.0,1.2,2.1,3.3,0.103,-1.2,1.4,0.3,0.9,
214,181.0,Eric Washington,23.0,DEN,SG,66.0,36.0,1539.0,9.6,0.478,0.275,0.167,3.5,6.3,4.9,9.3,1.8,1.2,11.9,17.9,-0.1,-0.2,-0.3,-0.008,-2.3,-1.7,-4.1,-0.8,
215,182.0,Brian Shaw,31.0,2TM,PG,59.0,34.0,1530.0,9.1,0.397,0.213,0.117,2.6,13.0,7.7,27.7,1.7,0.8,17.4,16.3,-1.2,1.3,0.1,0.002,-3.6,0.3,-3.3,-0.5,
216,182.0,Brian Shaw,31.0,GSW,PG,39.0,32.0,1028.0,8.7,0.39,0.218,0.107,2.0,14.0,7.8,27.3,1.8,0.9,18.9,16.8,-1.3,1.0,-0.3,-0.014,-4.1,0.5,-3.7,-0.4,
217,182.0,Brian Shaw,31.0,PHI,PG,20.0,2.0,502.0,10.0,0.411,0.201,0.137,3.9,10.9,7.3,28.4,1.5,0.4,14.0,15.3,0.0,0.3,0.4,0.035,-2.4,-0.1,-2.5,-0.1,
218,183.0,Andrew DeClercq,24.0,BOS,C,81.0,49.0,1523.0,13.2,0.53,0.003,0.494,12.8,18.0,15.2,5.9,2.9,2.5,16.9,14.1,1.4,2.1,3.4,0.108,-2.6,0.3,-2.3,-0.1,
219,184.0,Maurice Taylor,21.0,LAC,PF,71.0,3.0,1513.0,16.1,0.521,0.001,0.361,8.8,13.5,11.1,6.6,1.2,1.8,12.0,26.1,1.5,0.3,1.8,0.057,-1.5,-2.4,-3.8,-0.7,
220,185.0,Tony Battie,21.0,DEN,PF,65.0,49.0,1506.0,13.3,0.477,0.027,0.198,10.5,17.2,13.7,7.6,1.9,3.4,14.7,20.2,-0.3,0.8,0.5,0.015,-2.5,-1.3,-3.9,-0.7,
221,186.0,Erick Strickland,24.0,DAL,SG,67.0,19.0,1505.0,9.3,0.429,0.292,0.151,2.5,9.5,6.0,18.8,2.0,0.4,15.1,21.3,-1.7,0.8,-0.9,-0.028,-3.8,-1.2,-5.0,-1.1,
222,187.0,Travis Knight,23.0,BOS,C,74.0,21.0,1503.0,13.6,0.499,0.126,0.235,10.5,18.8,14.3,10.9,1.8,4.3,15.3,16.4,1.1,1.9,3.0,0.096,-2.0,0.7,-1.2,0.3,
223,188.0,George Lynch,27.0,VAN,SF,82.0,0.0,1493.0,16.8,0.526,0.058,0.306,11.4,16.5,13.9,13.8,2.3,1.9,15.1,20.5,1.7,0.8,2.5,0.079,0.4,-0.6,-0.2,0.7,
224,189.0,Will Perdue,32.0,SAS,C,79.0,30.0,1491.0,14.8,0.557,0.003,0.451,14.6,26.1,20.7,6.1,0.8,2.4,18.6,13.7,1.5,3.2,4.7,0.151,-0.5,0.7,0.2,0.8,
225,190.0,Eddie Johnson,38.0,HOU,SF,75.0,1.0,1490.0,13.1,0.524,0.364,0.25,4.0,8.1,6.1,10.0,1.1,0.1,9.3,20.3,2.0,0.1,2.2,0.07,0.3,-2.2,-2.0,0.0,
226,191.0,Bimbo Coles,29.0,GSW,PG,53.0,44.0,1471.0,10.4,0.444,0.13,0.201,1.2,7.9,4.5,27.9,1.8,0.6,15.7,16.8,-0.1,1.0,0.9,0.029,-3.4,-0.1,-3.5,-0.6,
227,192.0,Walt Williams,27.0,2TM,SF,59.0,17.0,1470.0,13.4,0.508,0.403,0.23,3.9,11.7,7.7,14.0,2.1,1.7,13.3,20.9,1.1,1.0,2.2,0.071,-0.2,-0.2,-0.4,0.6,
228,192.0,Walt Williams,27.0,TOR,SF,28.0,16.0,876.0,13.0,0.504,0.404,0.188,3.3,12.1,7.5,13.1,2.4,1.8,13.1,19.9,0.5,0.3,0.8,0.044,-0.6,-0.5,-1.1,0.2,
229,192.0,Walt Williams,27.0,POR,SF,31.0,1.0,594.0,14.0,0.513,0.4,0.289,4.7,11.1,8.0,15.3,1.7,1.5,13.6,22.4,0.6,0.7,1.4,0.112,0.3,0.3,0.6,0.4,
230,193.0,Olden Polynice,33.0,SAC,C,70.0,25.0,1458.0,14.7,0.464,0.002,0.212,12.9,20.8,16.8,12.7,1.3,2.1,14.2,21.1,-0.1,1.6,1.5,0.049,-1.6,-0.9,-2.5,-0.2,
231,194.0,Chuck Person,33.0,SAS,PF,61.0,11.0,1455.0,8.3,0.494,0.693,0.093,1.4,13.9,8.1,9.3,1.1,0.5,13.9,15.5,-0.1,2.1,2.1,0.068,-2.1,0.5,-1.6,0.1,
232,195.0,Eldridge Recasner,30.0,ATL,SG,59.0,14.0,1454.0,13.0,0.563,0.327,0.175,2.7,8.6,5.7,13.8,1.5,0.0,15.8,18.4,1.9,1.0,2.9,0.095,0.5,-1.0,-0.4,0.6,
233,196.0,Greg Foster,29.0,UTA,C,78.0,49.0,1446.0,8.9,0.483,0.022,0.208,7.8,15.2,11.7,5.6,0.6,1.5,13.0,16.8,0.3,1.0,1.3,0.045,-3.3,-1.6,-4.9,-1.1,
234,197.0,Stacey Augmon,29.0,POR,SG,71.0,23.0,1445.0,10.3,0.457,0.019,0.419,8.7,10.2,9.5,9.8,2.1,1.6,15.5,16.3,-0.1,1.9,1.8,0.059,-2.5,0.9,-1.6,0.2,
235,198.0,Mark Price,33.0,ORL,PG,63.0,33.0,1430.0,14.9,0.518,0.292,0.194,1.9,8.8,5.3,38.6,2.0,0.3,21.9,23.7,0.5,1.3,1.7,0.058,0.8,-1.2,-0.4,0.6,
236,199.0,Jason Caffey,24.0,2TM,PF,80.0,14.0,1423.0,13.9,0.526,0.004,0.429,12.2,14.6,13.4,8.0,0.9,1.0,15.9,20.4,1.2,1.6,2.7,0.093,-1.5,-0.8,-2.3,-0.1,
237,199.0,Jason Caffey,24.0,CHI,PF,51.0,8.0,710.0,14.4,0.548,0.005,0.518,12.2,15.7,14.0,8.0,1.0,1.7,16.4,18.4,0.9,1.1,2.0,0.138,-1.5,0.2,-1.4,0.1,
238,199.0,Jason Caffey,24.0,GSW,PF,29.0,6.0,713.0,13.4,0.509,0.004,0.363,12.2,13.4,12.8,8.0,0.9,0.3,15.5,22.4,0.2,0.5,0.7,0.047,-1.5,-1.7,-3.2,-0.2,
239,200.0,Pete Chilcutt,29.0,VAN,PF,82.0,0.0,1420.0,12.6,0.526,0.362,0.164,6.3,18.5,12.4,11.3,1.9,1.8,13.9,14.0,1.2,0.8,2.0,0.067,-0.5,0.0,-0.5,0.5,
240,201.0,Sam Mack,27.0,VAN,SF,57.0,54.0,1414.0,12.4,0.519,0.481,0.138,2.4,8.4,5.4,11.9,1.5,0.5,10.4,20.8,1.3,-0.2,1.1,0.037,0.3,-2.2,-1.9,0.0,
241,202.0,Vitaly Potapenko,22.0,CLE,C,80.0,0.0,1412.0,11.0,0.517,0.002,0.295,9.7,17.4,13.6,7.4,1.0,1.5,19.3,22.3,-0.7,2.2,1.5,0.052,-3.7,-0.4,-4.1,-0.8,
242,203.0,Terry Dehere,26.0,SAC,PG,77.0,18.0,1410.0,10.8,0.494,0.293,0.22,1.6,6.9,4.2,22.4,1.9,0.2,16.3,18.6,0.3,0.7,1.0,0.035,-2.5,-0.9,-3.4,-0.5,
243,204.0,Eric Murdock,29.0,MIA,PG,82.0,1.0,1395.0,15.7,0.52,0.217,0.372,3.4,9.5,6.6,26.4,4.0,0.7,17.6,19.8,1.7,2.4,4.1,0.139,-0.7,2.9,2.2,1.5,
244,205.0,Gary Trent,23.0,2TM,PF,54.0,20.0,1360.0,16.2,0.527,0.024,0.42,10.5,17.9,14.3,9.6,1.4,1.4,13.6,22.8,1.6,1.6,3.1,0.11,-0.2,-0.6,-0.8,0.4,
245,205.0,Gary Trent,23.0,POR,PF,41.0,13.0,1005.0,16.7,0.547,0.025,0.454,9.6,17.2,13.5,10.5,1.4,1.4,14.3,22.6,1.4,1.4,2.8,0.135,0.3,0.5,0.8,0.7,
246,205.0,Gary Trent,23.0,TOR,PF,13.0,7.0,355.0,14.9,0.474,0.021,0.336,13.1,20.0,16.4,7.0,1.2,1.6,11.6,23.4,0.1,0.1,0.3,0.039,-1.6,-3.5,-5.2,-0.3,
247,206.0,Chris Gatling,30.0,NJN,PF,57.0,16.0,1359.0,16.0,0.496,0.007,0.486,9.4,19.7,14.2,6.7,2.0,1.6,13.0,24.3,0.9,1.5,2.4,0.084,-1.0,-1.1,-2.0,0.0,
248,207.0,Hot Rod Williams,35.0,PHO,C,71.0,30.0,1333.0,11.5,0.525,0.0,0.46,9.6,17.5,13.7,5.1,1.3,3.3,10.7,9.2,1.7,2.1,3.7,0.135,-1.6,1.3,-0.2,0.6,
249,208.0,Brent Price,29.0,HOU,PG,72.0,2.0,1332.0,10.9,0.575,0.603,0.316,3.3,6.1,4.8,22.3,2.1,0.2,23.9,15.8,1.2,0.4,1.6,0.059,-1.1,-0.9,-2.0,0.0,
250,209.0,Stanley Roberts,27.0,MIN,C,74.0,44.0,1328.0,11.9,0.503,0.0,0.404,9.4,21.5,15.5,3.1,0.9,3.8,13.3,17.5,0.3,1.5,1.8,0.064,-3.8,-0.3,-4.1,-0.7,
251,210.0,Derrick McKey,31.0,IND,SF,57.0,4.0,1316.0,10.7,0.497,0.052,0.235,7.1,11.9,9.6,10.7,2.4,1.6,18.0,15.9,0.1,2.1,2.1,0.077,-2.0,1.8,-0.2,0.6,
252,211.0,Monty Williams,26.0,SAS,SF,72.0,16.0,1314.0,11.3,0.505,0.005,0.495,6.3,9.2,7.9,11.2,1.4,1.3,15.5,18.9,0.5,1.9,2.3,0.086,-2.4,0.6,-1.8,0.1,
253,212.0,Jerome Williams,24.0,DET,PF,77.0,3.0,1305.0,16.3,0.568,0.003,0.576,15.4,19.2,17.3,6.1,2.1,0.6,14.3,15.0,2.6,1.9,4.5,0.166,0.7,-0.1,0.6,0.9,
254,213.0,Bruce Bowen,26.0,BOS,SF,61.0,9.0,1305.0,11.0,0.483,0.198,0.409,6.6,9.4,7.9,9.3,3.4,1.7,12.9,13.4,0.8,1.4,2.2,0.081,-2.0,1.5,-0.4,0.5,
255,214.0,Cory Alexander,24.0,2TM,PG,60.0,22.0,1298.0,15.2,0.548,0.44,0.255,1.5,11.7,6.6,28.7,2.9,0.6,20.1,19.8,1.0,1.2,2.2,0.081,0.4,0.1,0.5,0.8,
256,214.0,Cory Alexander,24.0,SAS,PG,37.0,3.0,501.0,11.1,0.512,0.441,0.255,1.7,8.7,5.4,23.2,2.7,0.7,22.6,19.5,-0.2,0.8,0.7,0.065,-2.3,1.1,-1.2,0.1,
257,214.0,Cory Alexander,24.0,DEN,PG,23.0,19.0,797.0,17.8,0.569,0.439,0.255,1.4,13.5,7.3,32.1,3.0,0.6,18.6,19.9,1.2,0.3,1.5,0.091,2.1,-0.6,1.5,0.7,
258,215.0,Kevin Johnson,31.0,PHO,PG,50.0,12.0,1290.0,15.6,0.555,0.075,0.536,3.2,11.4,7.4,28.5,1.1,0.4,19.1,18.6,2.3,1.3,3.5,0.131,1.0,-0.4,0.5,0.8,
259,216.0,Greg Ostertag,24.0,UTA,C,63.0,23.0,1288.0,12.5,0.494,0.0,0.586,13.8,21.8,18.1,2.9,1.2,7.7,19.8,13.5,0.1,2.1,2.2,0.084,-2.4,1.3,-1.1,0.3,
260,217.0,Danny Schayes,38.0,ORL,C,74.0,33.0,1272.0,10.9,0.479,0.0,0.321,8.8,13.7,11.2,6.0,1.5,1.9,12.6,17.5,0.6,1.4,2.0,0.076,-3.6,0.3,-3.3,-0.4,
261,218.0,Gerald Wilkins,34.0,ORL,SG,72.0,16.0,1252.0,5.4,0.398,0.251,0.226,1.5,7.1,4.2,10.6,1.5,0.3,14.2,20.4,-2.1,0.9,-1.2,-0.048,-5.4,-1.2,-6.6,-1.5,
262,219.0,Pooh Richardson,31.0,LAC,PG,69.0,17.0,1252.0,10.3,0.411,0.171,0.129,1.5,7.2,4.4,28.1,1.8,0.2,13.3,14.4,0.3,-0.1,0.2,0.006,-2.3,-1.6,-3.9,-0.6,
263,220.0,Darrell Armstrong,29.0,ORL,PG,48.0,17.0,1236.0,15.7,0.509,0.179,0.324,6.1,9.2,7.6,33.4,2.6,0.3,20.5,20.2,1.2,1.3,2.5,0.096,1.0,0.2,1.1,1.0,
264,221.0,James Robinson,27.0,LAC,PG,70.0,13.0,1231.0,12.4,0.494,0.449,0.214,3.4,6.9,5.1,18.8,1.6,0.5,15.0,23.3,0.3,-0.1,0.2,0.007,-0.4,-2.6,-3.0,-0.3,
265,222.0,George McCloud,30.0,PHO,SF,63.0,13.0,1213.0,12.7,0.507,0.487,0.119,4.4,16.2,10.5,10.8,2.3,0.8,12.3,19.2,0.6,1.9,2.4,0.096,-0.8,0.8,-0.1,0.6,
266,223.0,Jim McIlvaine,25.0,SEA,C,78.0,72.0,1211.0,9.5,0.477,0.013,0.363,9.7,15.8,12.8,2.3,1.1,8.6,17.3,12.0,0.0,1.9,1.9,0.075,-5.3,2.0,-3.3,-0.4,
267,224.0,Chucky Brown,29.0,ATL,SF,77.0,8.0,1202.0,10.5,0.472,0.022,0.234,5.8,11.9,9.0,7.7,1.0,0.8,11.1,17.8,0.5,0.9,1.4,0.056,-2.3,-1.2,-3.4,-0.4,
268,225.0,Michael Cage,36.0,NJN,C,79.0,17.0,1201.0,10.1,0.531,0.012,0.429,10.4,19.9,14.8,3.6,2.0,2.7,18.7,4.4,1.1,1.4,2.5,0.1,-0.9,1.4,0.5,0.7,
269,226.0,Anthony Peeler,28.0,2TM,SG,38.0,32.0,1193.0,15.0,0.532,0.298,0.112,3.6,8.1,5.9,18.3,2.7,0.4,10.4,18.3,1.8,0.7,2.5,0.1,0.6,0.6,1.2,1.0,
270,226.0,Anthony Peeler,28.0,VAN,SG,8.0,8.0,202.0,15.2,0.529,0.264,0.083,3.4,7.9,5.7,19.5,2.3,0.0,7.4,17.8,0.4,0.0,0.4,0.087,0.6,0.8,1.5,0.2,
271,226.0,Anthony Peeler,28.0,MIN,SG,30.0,24.0,991.0,15.0,0.533,0.305,0.118,3.6,8.2,5.9,18.1,2.7,0.4,10.9,18.4,1.4,0.7,2.1,0.102,0.6,0.5,1.1,0.8,
272,227.0,Matt Bullard,30.0,HOU,SF,67.0,24.0,1190.0,13.8,0.581,0.594,0.069,2.5,11.9,7.3,8.5,1.4,1.4,8.9,16.8,2.0,0.5,2.5,0.102,1.9,-0.6,1.3,1.0,
273,228.0,Terry Cummings,36.0,2TM,PF,74.0,3.0,1185.0,13.7,0.496,0.002,0.229,9.5,18.6,14.0,7.3,1.7,0.6,9.8,20.2,0.9,1.6,2.6,0.103,-2.2,-0.4,-2.6,-0.2,
274,228.0,Terry Cummings,36.0,PHI,PF,44.0,2.0,656.0,12.9,0.49,0.005,0.274,9.6,16.4,13.0,5.6,1.8,0.6,6.7,17.4,0.8,0.7,1.4,0.106,-2.1,-0.8,-2.9,-0.2,
275,228.0,Terry Cummings,36.0,NYK,PF,30.0,1.0,529.0,14.6,0.501,0.0,0.185,9.5,21.2,15.3,9.3,1.6,0.7,12.7,23.7,0.1,1.0,1.1,0.101,-2.3,0.1,-2.2,0.0,
276,229.0,Tracy McGrady,18.0,TOR,SF,64.0,17.0,1179.0,17.4,0.505,0.103,0.279,9.6,16.2,12.8,14.0,2.2,3.6,12.9,19.1,1.3,0.7,2.0,0.081,1.3,-0.7,0.6,0.8,
277,230.0,Chris Carr,23.0,MIN,SG,51.0,40.0,1165.0,11.6,0.509,0.281,0.219,4.2,10.8,7.6,11.6,0.8,0.7,12.2,21.5,0.7,0.4,1.1,0.046,-1.3,-1.8,-3.1,-0.3,
278,231.0,Randy Brown,29.0,CHI,PG,71.0,6.0,1147.0,10.1,0.428,0.017,0.258,3.4,6.0,4.7,19.6,3.3,0.8,15.8,15.6,-0.1,1.9,1.8,0.075,-4.0,2.4,-1.6,0.1,
279,232.0,Tom Hammonds,30.0,MIN,PF,57.0,2.0,1140.0,12.1,0.569,0.004,0.537,10.1,16.9,13.5,4.6,0.7,1.1,13.6,13.7,1.7,0.7,2.4,0.102,-1.5,-1.2,-2.7,-0.2,
280,233.0,Greg Minor,26.0,BOS,SG,69.0,16.0,1126.0,11.8,0.481,0.097,0.268,5.3,10.9,7.8,12.2,2.4,0.8,10.7,15.4,0.8,0.9,1.7,0.074,-1.6,0.1,-1.5,0.1,
281,234.0,Ben Wallace,23.0,WAS,C,67.0,16.0,1124.0,13.4,0.495,0.0,0.598,11.0,22.2,16.4,2.3,2.8,4.6,11.9,9.3,0.8,2.2,2.9,0.125,-1.6,2.3,0.7,0.8,
282,235.0,David Benoit,29.0,2TM,SF,77.0,0.0,1123.0,10.5,0.477,0.417,0.181,5.9,15.6,10.5,3.7,1.7,1.3,10.6,19.4,0.5,1.1,1.6,0.067,-2.2,-0.3,-2.6,-0.2,
283,235.0,David Benoit,29.0,NJN,SF,53.0,0.0,799.0,10.0,0.489,0.442,0.164,5.7,15.3,10.2,3.3,1.7,1.5,11.9,17.8,0.4,0.7,1.1,0.067,-2.3,-0.3,-2.7,-0.2,
284,235.0,David Benoit,29.0,ORL,SF,24.0,0.0,324.0,11.8,0.453,0.367,0.216,6.4,16.4,11.3,4.5,1.5,0.9,7.9,23.4,0.1,0.4,0.5,0.068,-2.0,-0.3,-2.3,0.0,
285,236.0,Steve Kerr,32.0,CHI,PG,50.0,0.0,1119.0,12.9,0.581,0.43,0.162,1.4,6.5,3.9,13.2,1.3,0.3,7.7,14.0,2.5,1.2,3.8,0.161,0.6,0.6,1.1,0.9,
286,237.0,Mark Bryant,32.0,PHO,C,70.0,22.0,1110.0,10.2,0.545,0.004,0.422,9.9,15.6,12.8,6.0,1.7,1.0,17.9,13.3,1.0,1.6,2.5,0.109,-3.5,0.5,-3.1,-0.3,
287,238.0,J.R. Reid,29.0,CHH,PF,79.0,1.0,1109.0,11.3,0.517,0.025,0.384,7.9,14.9,11.4,7.4,1.7,1.3,14.9,18.2,0.6,1.1,1.8,0.076,-3.0,-0.4,-3.3,-0.4,
288,239.0,Scott Burrell,27.0,CHI,SF,80.0,3.0,1096.0,15.7,0.516,0.384,0.171,8.3,12.4,10.3,9.5,3.1,2.5,11.0,18.5,1.5,2.2,3.7,0.163,0.4,2.2,2.5,1.3,
289,240.0,Lawrence Funderburke,27.0,SAC,PF,52.0,1.0,1094.0,16.2,0.534,0.018,0.415,8.0,16.0,11.9,10.0,0.9,0.9,11.8,21.3,1.4,0.7,2.1,0.092,0.9,-1.4,-0.5,0.4,
290,241.0,Antoine Carr,36.0,UTA,PF,66.0,8.0,1086.0,9.8,0.513,0.0,0.302,5.1,9.6,7.5,7.2,0.5,3.7,11.5,17.8,0.8,0.7,1.5,0.068,-3.5,-0.3,-3.7,-0.5,
291,242.0,Chris Whitney,26.0,WAS,PG,82.0,6.0,1073.0,14.8,0.512,0.476,0.363,1.6,10.8,6.1,27.7,1.7,0.4,13.6,19.7,1.8,0.9,2.7,0.12,0.5,-0.2,0.3,0.6,
292,243.0,Alvin Williams,23.0,2TM,SG,54.0,13.0,1071.0,10.3,0.504,0.099,0.319,2.6,6.0,4.4,15.7,1.9,0.2,15.3,16.0,0.5,0.8,1.3,0.059,-2.6,0.0,-2.6,-0.2,
293,243.0,Alvin Williams,23.0,POR,SG,41.0,10.0,864.0,11.0,0.519,0.101,0.332,2.7,5.3,4.0,16.0,1.9,0.2,15.5,16.9,0.6,0.8,1.4,0.075,-2.1,0.3,-1.8,0.0,
294,243.0,Alvin Williams,23.0,TOR,SG,13.0,3.0,207.0,7.3,0.42,0.091,0.25,2.6,9.0,5.7,14.5,2.0,0.3,14.1,12.0,0.0,0.0,0.0,-0.009,-4.4,-1.4,-5.8,-0.2,
295,244.0,Rodrick Rhodes,24.0,HOU,SF,58.0,13.0,1070.0,7.7,0.439,0.026,0.59,3.1,4.6,3.9,16.1,3.1,0.7,20.2,20.4,-1.5,0.6,-0.9,-0.04,-5.1,-0.4,-5.4,-0.9,
296,245.0,Michael Smith,25.0,2TM,PF,48.0,33.0,1053.0,14.3,0.524,0.005,0.531,12.9,20.2,16.5,12.5,2.0,1.0,17.6,12.3,1.3,0.8,2.1,0.096,-0.1,-0.2,-0.3,0.4,
297,245.0,Michael Smith,25.0,SAC,PF,18.0,4.0,347.0,12.9,0.465,0.0,0.492,11.0,21.4,16.0,12.4,2.3,1.8,16.8,11.4,0.2,0.5,0.7,0.092,-1.5,1.2,-0.3,0.2,
298,245.0,Michael Smith,25.0,VAN,PF,30.0,29.0,706.0,15.0,0.551,0.008,0.549,13.9,19.7,16.8,12.6,1.9,0.6,17.9,12.7,1.1,0.3,1.4,0.099,0.6,-0.9,-0.3,0.3,
299,246.0,Danny Ferry,31.0,CLE,PF,69.0,3.0,1034.0,7.5,0.479,0.346,0.14,2.8,10.6,6.8,9.5,1.3,1.2,14.9,15.9,-0.4,1.4,1.0,0.049,-3.0,0.7,-2.3,-0.1,
300,247.0,Corie Blount,29.0,LAL,PF,70.0,3.0,1029.0,11.9,0.572,0.021,0.417,12.9,19.7,16.4,5.2,1.4,1.7,18.7,11.7,1.2,1.4,2.6,0.12,-1.8,-0.2,-2.0,0.0,
301,248.0,Samaki Walker,21.0,DAL,PF,41.0,19.0,1027.0,14.4,0.502,0.003,0.302,10.2,22.8,16.4,4.1,1.6,2.7,14.4,18.9,0.1,1.3,1.4,0.067,-2.8,-0.6,-3.4,-0.4,
302,249.0,Greg Anthony,30.0,SEA,PG,80.0,0.0,1021.0,16.8,0.545,0.456,0.229,2.1,10.7,6.5,32.1,3.4,0.2,19.1,21.6,1.4,1.3,2.7,0.127,1.8,0.8,2.5,1.2,
303,250.0,Sean Elliott,29.0,SAS,SF,36.0,36.0,1012.0,9.5,0.495,0.297,0.257,1.9,11.6,7.1,10.0,1.3,1.0,14.5,18.3,-0.1,1.5,1.4,0.065,-2.8,0.4,-2.3,0.0,
304,251.0,Kelvin Cato,23.0,POR,C,74.0,8.0,1007.0,13.3,0.496,0.013,0.546,10.9,17.9,14.6,3.6,1.5,6.8,13.4,14.7,0.7,2.0,2.7,0.129,-3.2,2.6,-0.6,0.4,
305,252.0,Stojko Vranković,34.0,LAC,C,65.0,38.0,996.0,9.4,0.454,0.0,0.349,8.0,22.1,15.0,5.5,0.6,4.4,17.7,11.6,-0.2,0.6,0.4,0.02,-3.9,0.0,-3.9,-0.5,
306,253.0,Don Reid,24.0,DET,PF,68.0,44.0,994.0,11.4,0.574,0.0,0.403,9.2,11.8,10.5,4.2,1.4,4.2,11.9,11.0,1.5,1.3,2.8,0.135,-2.5,1.5,-1.1,0.2,
307,254.0,Cedric Ceballos,28.0,2TM,SF,47.0,25.0,990.0,19.3,0.56,0.169,0.349,8.8,16.8,12.8,11.0,1.8,1.1,13.1,25.3,1.6,1.2,2.8,0.138,2.1,-0.1,2.0,1.0,
308,254.0,Cedric Ceballos,28.0,PHO,SF,35.0,16.0,626.0,19.2,0.564,0.194,0.326,9.8,17.8,13.9,9.6,1.8,0.9,11.7,24.2,1.2,0.9,2.1,0.163,2.3,0.2,2.5,0.7,
309,254.0,Cedric Ceballos,28.0,DAL,SF,12.0,9.0,364.0,19.4,0.552,0.127,0.389,7.2,15.0,11.0,13.3,1.6,1.5,15.2,27.3,0.4,0.3,0.7,0.094,1.7,-0.6,1.1,0.3,
310,255.0,Žan Tabak,27.0,2TM,C,57.0,34.0,984.0,9.7,0.464,0.003,0.201,9.2,15.6,12.2,8.1,1.1,2.8,15.6,17.4,-0.4,0.4,0.0,-0.001,-4.6,-1.3,-6.0,-1.0,
311,255.0,Žan Tabak,27.0,TOR,C,39.0,29.0,752.0,9.9,0.459,0.004,0.193,8.5,14.7,11.5,8.1,1.0,2.5,14.0,18.3,-0.4,0.1,-0.2,-0.013,-4.5,-1.8,-6.3,-0.8,
312,255.0,Žan Tabak,27.0,BOS,C,18.0,5.0,232.0,9.2,0.486,0.0,0.236,11.7,18.3,14.7,7.9,1.1,3.7,21.9,14.5,-0.1,0.2,0.2,0.036,-5.1,0.3,-4.7,-0.2,
313,256.0,Dell Curry,33.0,CHH,SG,52.0,1.0,971.0,15.1,0.536,0.334,0.12,3.3,9.2,6.3,12.9,1.7,0.3,10.6,24.3,1.0,0.7,1.7,0.085,1.2,-1.3,-0.1,0.5,
314,257.0,Tariq Abdul-Wahad,23.0,SAC,SG,59.0,16.0,959.0,10.1,0.456,0.053,0.35,5.0,8.6,6.7,8.9,1.9,0.9,13.6,22.1,-0.8,0.6,-0.2,-0.008,-3.6,-1.2,-4.8,-0.7,
315,258.0,Bob Sura,24.0,CLE,SG,46.0,4.0,942.0,9.6,0.463,0.26,0.567,3.3,8.9,6.1,29.4,2.5,0.6,24.4,18.7,-0.7,1.4,0.7,0.036,-2.9,1.0,-1.9,0.0,
316,259.0,Eric Snow,24.0,2TM,PG,64.0,0.0,918.0,11.7,0.486,0.092,0.386,2.4,7.8,5.1,30.3,3.5,0.4,22.6,13.7,0.3,1.0,1.3,0.067,-2.8,1.6,-1.2,0.2,
317,259.0,Eric Snow,24.0,SEA,PG,17.0,0.0,74.0,2.2,0.456,0.043,0.435,0.0,6.3,3.2,27.6,0.0,1.0,30.5,24.7,-0.2,0.0,-0.2,-0.132,-9.0,-4.1,-13.0,-0.2,
318,259.0,Eric Snow,24.0,PHI,PG,47.0,0.0,844.0,12.5,0.49,0.099,0.379,2.6,8.0,5.2,30.5,3.8,0.4,21.4,12.7,0.6,0.9,1.5,0.085,-2.3,2.1,-0.2,0.4,
319,260.0,Shawn Respert,25.0,2TM,SG,57.0,4.0,911.0,12.3,0.53,0.317,0.208,4.4,8.0,6.1,11.3,1.9,0.1,13.0,17.9,0.8,0.0,0.8,0.045,-1.1,-2.1,-3.2,-0.3,
320,260.0,Shawn Respert,25.0,TOR,SG,47.0,4.0,696.0,12.9,0.552,0.321,0.258,4.7,7.2,5.9,10.4,2.2,0.1,12.4,16.7,1.0,0.0,0.9,0.064,-0.5,-1.9,-2.4,-0.1,
321,260.0,Shawn Respert,25.0,DAL,SG,10.0,0.0,215.0,10.3,0.471,0.31,0.083,3.5,10.6,7.0,14.2,1.2,0.0,14.7,21.7,-0.2,0.1,-0.1,-0.017,-3.1,-2.6,-5.8,-0.2,
322,261.0,Mark Davis,24.0,PHI,SF,71.0,12.0,906.0,10.9,0.489,0.025,0.414,8.1,12.0,10.0,13.5,2.9,1.5,24.0,18.8,-0.8,1.0,0.2,0.01,-2.6,0.6,-2.0,0.0,
323,262.0,Othella Harrington,24.0,HOU,PF,58.0,3.0,903.0,13.7,0.547,0.004,0.459,9.7,17.4,13.6,4.4,0.6,2.1,12.8,18.4,1.3,0.5,1.7,0.092,-1.7,-1.9,-3.6,-0.3,
324,263.0,Harvey Grant,32.0,WAS,SF,65.0,8.0,895.0,7.5,0.406,0.031,0.153,7.4,14.2,10.7,6.3,1.3,1.2,11.1,11.7,-0.2,0.9,0.7,0.037,-3.9,0.4,-3.6,-0.4,
325,264.0,Tony Massenburg,30.0,VAN,C,61.0,13.0,894.0,14.9,0.536,0.0,0.443,10.3,19.5,14.9,4.0,1.5,1.9,14.0,21.4,0.8,0.4,1.3,0.067,-2.0,-2.3,-4.4,-0.5,
326,265.0,Brian Evans,24.0,2TM,SF,72.0,1.0,893.0,12.0,0.476,0.279,0.183,6.2,12.0,9.0,10.5,1.8,1.1,10.1,18.9,0.7,0.8,1.5,0.081,-0.8,-0.3,-1.1,0.2,
327,265.0,Brian Evans,24.0,ORL,SF,44.0,0.0,561.0,12.0,0.454,0.218,0.233,6.4,11.6,8.9,9.8,2.2,1.0,9.6,20.5,0.2,0.6,0.8,0.072,-1.3,0.1,-1.2,0.1,
328,265.0,Brian Evans,24.0,NJN,SF,28.0,1.0,332.0,12.0,0.523,0.396,0.085,5.9,12.7,9.1,11.5,1.1,1.1,11.3,16.2,0.5,0.2,0.7,0.097,-0.1,-1.0,-1.1,0.1,
329,266.0,Bobby Hurley,26.0,2TM,PG,61.0,3.0,875.0,9.0,0.461,0.092,0.319,1.5,7.1,4.3,31.2,1.4,0.0,24.1,18.2,-0.6,0.0,-0.5,-0.029,-3.7,-2.9,-6.6,-1.0,
330,266.0,Bobby Hurley,26.0,SAC,PG,34.0,3.0,417.0,10.2,0.488,0.13,0.322,1.8,7.9,4.8,30.1,1.6,0.0,24.2,18.5,-0.2,0.2,0.0,0.001,-3.2,-1.9,-5.1,-0.3,
331,266.0,Bobby Hurley,26.0,VAN,PG,27.0,0.0,458.0,7.9,0.435,0.057,0.317,1.3,6.3,3.8,32.2,1.1,0.0,23.9,17.9,-0.4,-0.2,-0.5,-0.056,-4.1,-3.9,-8.0,-0.7,
332,267.0,Fred Hoiberg,25.0,IND,SG,65.0,1.0,874.0,11.2,0.517,0.383,0.311,2.0,14.3,8.5,8.1,2.5,0.2,8.0,14.9,0.9,1.4,2.3,0.127,-1.6,1.9,0.3,0.5,
333,268.0,Chris Dudley,32.0,NYK,C,51.0,22.0,858.0,9.5,0.428,0.0,0.643,15.0,23.5,19.2,3.7,0.8,4.6,19.3,12.4,-0.3,1.7,1.5,0.084,-4.1,1.4,-2.8,-0.2,
334,269.0,Patrick Ewing,35.0,NYK,C,26.0,26.0,848.0,23.3,0.557,0.005,0.462,8.3,29.3,18.8,6.8,1.0,5.3,13.7,31.1,1.0,2.0,3.0,0.168,2.4,1.8,4.2,1.3,
335,270.0,Mark Strickland,27.0,MIA,PF,51.0,8.0,847.0,17.4,0.572,0.004,0.305,11.4,17.8,14.7,5.6,1.2,2.9,13.3,19.4,1.5,1.3,2.8,0.157,0.1,0.2,0.2,0.5,
336,271.0,B.J. Armstrong,30.0,2TM,PG,66.0,0.0,831.0,14.6,0.555,0.164,0.235,2.3,8.6,5.5,29.0,1.9,0.0,15.2,15.3,1.6,0.6,2.2,0.124,0.0,0.1,0.1,0.4,
337,271.0,B.J. Armstrong,30.0,GSW,PG,4.0,0.0,59.0,6.3,0.385,0.053,0.368,7.0,5.6,6.3,16.5,3.6,0.0,24.1,21.5,-0.2,0.1,-0.1,-0.092,-6.7,0.3,-6.4,-0.1,
338,271.0,B.J. Armstrong,30.0,CHH,PG,62.0,0.0,772.0,15.2,0.573,0.175,0.222,1.9,8.8,5.4,30.0,1.7,0.0,14.1,14.9,1.8,0.5,2.3,0.141,0.5,0.1,0.6,0.5,
339,272.0,Felton Spencer,30.0,GSW,C,68.0,0.0,813.0,8.5,0.495,0.0,0.612,11.9,18.0,14.8,3.2,1.5,3.1,23.0,11.4,-0.2,1.0,0.9,0.052,-6.5,0.7,-5.9,-0.8,
340,273.0,Jermaine O'Neal,19.0,POR,PF,60.0,9.0,808.0,12.7,0.498,0.009,0.385,11.9,16.8,14.5,3.6,1.0,5.2,16.9,18.2,-0.1,1.3,1.2,0.073,-3.6,0.5,-3.0,-0.2,
341,274.0,Scott Williams,29.0,PHI,C,58.0,7.0,801.0,12.1,0.492,0.023,0.296,12.4,17.9,15.1,6.0,1.1,1.9,11.1,15.2,0.9,0.8,1.7,0.101,-2.6,-0.9,-3.5,-0.3,
342,275.0,Terry Mills,30.0,MIA,PF,50.0,0.0,782.0,7.7,0.481,0.393,0.16,5.3,17.1,11.4,8.1,1.3,0.8,16.9,15.8,-0.2,1.1,0.9,0.057,-4.1,0.3,-3.8,-0.4,
343,276.0,Aaron Williams,26.0,SEA,PF,65.0,9.0,757.0,13.4,0.575,0.005,0.386,7.7,15.4,11.6,3.0,1.3,3.8,16.3,18.8,0.7,1.0,1.7,0.105,-3.1,-0.2,-3.3,-0.2,
344,277.0,Keith Closs,21.0,LAC,C,58.0,1.0,740.0,14.0,0.482,0.0,0.372,9.6,16.3,12.9,4.2,0.8,7.3,13.6,16.7,0.1,0.5,0.6,0.041,-2.3,0.4,-1.9,0.0,
345,278.0,Grant Long,31.0,DET,PF,40.0,17.0,739.0,10.0,0.496,0.034,0.487,9.1,15.1,12.1,5.2,2.1,1.2,13.4,10.3,0.6,1.0,1.6,0.104,-2.6,1.5,-1.1,0.2,
346,279.0,Corey Beck,26.0,CHH,PG,59.0,14.0,738.0,9.3,0.516,0.025,0.371,4.5,10.2,7.4,20.4,2.4,0.7,27.5,16.0,-0.3,0.7,0.4,0.028,-3.7,0.8,-2.9,-0.2,
347,280.0,Buck Williams,37.0,NYK,PF,41.0,6.0,738.0,12.3,0.56,0.0,0.477,12.6,17.2,14.9,4.6,1.3,1.6,17.4,13.9,0.9,1.2,2.1,0.135,-1.7,0.5,-1.2,0.2,
348,281.0,Mark Hendrickson,23.0,SAC,PF,48.0,1.0,737.0,9.4,0.468,0.034,0.383,4.9,17.0,10.8,8.3,1.8,0.8,15.1,12.4,0.0,0.7,0.8,0.049,-3.5,0.1,-3.5,-0.3,
349,282.0,Bryant Stith,27.0,DEN,SG,31.0,15.0,718.0,9.2,0.447,0.213,0.382,2.4,8.4,5.3,12.1,1.6,0.8,11.8,18.9,-0.2,-0.1,-0.3,-0.018,-2.8,-1.6,-4.4,-0.4,
350,283.0,Jerome Kersey,35.0,SEA,SF,37.0,2.0,717.0,12.6,0.447,0.043,0.279,9.5,12.9,11.3,9.6,3.9,1.5,12.1,19.2,0.0,1.2,1.2,0.08,-3.3,1.0,-2.3,-0.1,
351,284.0,Rick Mahorn,39.0,DET,C,59.0,0.0,707.0,7.8,0.49,0.0,0.264,10.9,22.0,16.4,3.3,1.1,0.7,20.4,11.9,0.0,0.9,0.9,0.064,-4.5,-0.6,-5.0,-0.5,
352,285.0,Andrew Lang,31.0,MIL,C,57.0,0.0,692.0,8.5,0.452,0.007,0.399,9.8,17.3,13.5,3.5,1.4,2.9,16.4,13.3,-0.1,0.8,0.7,0.047,-3.8,0.5,-3.3,-0.2,
353,286.0,Eric Montross,26.0,2TM,C,48.0,30.0,691.0,8.0,0.427,0.0,0.278,11.6,22.2,16.9,2.5,1.0,2.9,15.2,12.6,-0.2,0.9,0.7,0.049,-5.1,-0.3,-5.4,-0.6,
354,286.0,Eric Montross,26.0,PHI,C,20.0,20.0,337.0,6.7,0.397,0.0,0.25,9.5,22.0,15.7,3.3,1.1,2.6,15.1,13.2,-0.3,0.4,0.1,0.015,-5.7,-0.5,-6.2,-0.4,
355,286.0,Eric Montross,26.0,DET,C,28.0,10.0,354.0,9.4,0.46,0.0,0.309,13.7,22.4,18.0,1.8,0.9,3.2,15.3,12.0,0.1,0.5,0.6,0.082,-4.6,-0.1,-4.7,-0.2,
356,287.0,Doug West,30.0,MIN,SG,38.0,10.0,688.0,5.6,0.416,0.012,0.234,3.8,9.6,6.8,9.4,0.8,0.5,10.0,13.5,-0.2,0.2,0.1,0.004,-5.0,-1.1,-6.0,-0.7,
357,288.0,Reggie Geary,24.0,SAS,PG,62.0,2.0,685.0,6.8,0.392,0.237,0.331,3.4,7.6,5.6,16.6,2.9,1.2,17.8,16.1,-0.9,1.2,0.3,0.023,-5.6,2.7,-2.9,-0.2,
358,289.0,Keith Askins,30.0,MIA,SF,46.0,12.0,681.0,5.5,0.426,0.607,0.156,5.0,12.2,8.7,6.4,2.2,1.3,16.6,10.7,-0.3,1.0,0.7,0.05,-4.2,1.9,-2.3,0.0,
359,290.0,Chris Anstey,23.0,DAL,C,41.0,8.0,680.0,13.2,0.455,0.069,0.32,8.5,17.4,12.8,8.7,2.4,2.8,13.5,20.5,-0.2,0.9,0.6,0.044,-3.4,0.6,-2.8,-0.1,
360,291.0,Lucious Harris,27.0,NJN,SG,50.0,0.0,671.0,10.4,0.475,0.22,0.311,3.4,5.7,4.5,9.4,3.3,0.6,9.5,14.4,0.6,0.5,1.1,0.08,-2.8,1.6,-1.3,0.1,
361,292.0,Adonal Foyle,22.0,GSW,C,55.0,1.0,656.0,9.2,0.418,0.006,0.365,11.5,18.6,15.0,3.5,1.0,5.4,20.2,16.4,-1.0,0.9,-0.1,-0.009,-5.9,0.5,-5.3,-0.6,
362,293.0,Vernon Maxwell,32.0,2TM,SG,42.0,0.0,636.0,12.2,0.512,0.434,0.233,2.6,8.1,5.4,14.2,1.4,0.5,12.3,23.5,0.4,0.4,0.8,0.062,-0.8,-1.7,-2.4,-0.1,
363,293.0,Vernon Maxwell,32.0,ORL,SG,11.0,0.0,169.0,9.4,0.453,0.333,0.333,3.4,5.7,4.5,13.0,0.7,0.4,11.8,27.5,0.0,0.1,0.0,0.013,-2.9,-2.8,-5.7,-0.2,
364,293.0,Vernon Maxwell,32.0,CHH,SG,31.0,0.0,467.0,13.2,0.539,0.478,0.189,2.4,9.0,5.7,14.6,1.6,0.5,12.6,22.1,0.5,0.3,0.8,0.08,0.0,-1.3,-1.2,0.1,
365,294.0,Darvin Ham,24.0,WAS,SF,71.0,3.0,635.0,9.2,0.531,0.0,0.712,12.5,10.9,11.7,3.6,1.7,2.8,21.3,12.1,0.2,0.7,0.9,0.069,-4.6,0.5,-4.0,-0.3,
366,295.0,Anfernee Hardaway,26.0,ORL,SG,19.0,15.0,625.0,15.9,0.479,0.183,0.432,1.5,13.1,7.2,20.4,2.5,1.7,12.4,27.2,0.3,0.8,1.1,0.085,0.4,0.8,1.2,0.5,AS
367,296.0,Tyus Edney,24.0,BOS,PG,52.0,7.0,623.0,17.8,0.523,0.046,0.514,3.5,7.2,5.2,36.3,4.2,0.1,19.9,23.0,0.8,0.7,1.5,0.112,0.9,0.6,1.5,0.6,
368,297.0,Rick Brunson,25.0,POR,PG,38.0,10.0,622.0,9.6,0.481,0.433,0.44,2.7,7.6,5.2,24.8,2.1,0.4,23.6,16.0,-0.1,0.7,0.6,0.048,-2.4,0.0,-2.4,-0.1,
369,298.0,Joe Wolf,33.0,DEN,PF,57.0,8.0,621.0,5.1,0.347,0.083,0.083,6.6,17.6,12.0,7.9,1.7,0.8,14.9,10.8,-0.7,0.2,-0.5,-0.037,-5.8,-0.8,-6.6,-0.7,
370,299.0,Todd Fuller,23.0,GSW,C,57.0,1.0,613.0,11.8,0.473,0.02,0.39,10.3,24.2,17.1,2.8,0.5,1.8,13.3,19.7,0.0,0.7,0.7,0.053,-3.8,-1.6,-5.5,-0.5,
371,300.0,Jud Buechler,29.0,CHI,SF,74.0,0.0,608.0,14.1,0.554,0.369,0.034,4.5,10.0,7.3,12.8,2.0,1.8,10.5,14.7,1.0,0.9,1.9,0.151,1.0,1.8,2.8,0.7,
372,301.0,Martin Müürsepp,23.0,DAL,PF,41.0,7.0,603.0,14.9,0.528,0.199,0.351,8.3,12.8,10.5,8.5,2.6,1.6,11.6,18.9,0.8,0.6,1.4,0.111,-1.5,0.0,-1.6,0.1,
373,302.0,Emanual Davis,29.0,HOU,PG,45.0,0.0,599.0,9.2,0.581,0.507,0.261,2.0,7.2,4.6,15.4,1.5,0.4,24.7,15.9,0.2,0.1,0.3,0.022,-2.1,-1.5,-3.6,-0.3,
374,303.0,Ledell Eackles,31.0,WAS,SG,42.0,0.0,547.0,12.2,0.542,0.263,0.337,5.0,10.7,7.8,4.6,1.6,0.0,12.6,18.7,0.6,0.4,1.0,0.088,-1.2,-0.6,-1.7,0.0,
375,304.0,Latrell Sprewell,27.0,GSW,SG,14.0,13.0,547.0,15.1,0.47,0.173,0.339,1.3,8.8,5.0,24.1,1.8,0.6,12.1,28.9,0.0,0.4,0.4,0.033,0.5,-0.5,0.0,0.3,
376,305.0,David Wingate,34.0,SEA,SG,58.0,2.0,546.0,8.6,0.491,0.05,0.207,4.2,12.9,8.6,10.4,2.1,0.4,19.5,16.1,-0.3,0.6,0.3,0.026,-3.8,-0.2,-3.9,-0.3,
377,306.0,Eric Riley,27.0,DAL,C,39.0,14.0,544.0,11.2,0.461,0.007,0.267,8.6,18.8,13.6,6.5,1.5,5.9,19.7,15.8,-0.4,0.7,0.3,0.029,-5.5,1.0,-4.4,-0.3,
378,307.0,Chris Morris,32.0,UTA,SF,54.0,1.0,538.0,14.7,0.498,0.3,0.295,8.7,17.1,13.2,7.5,2.5,2.4,12.4,23.0,0.3,0.7,1.0,0.092,-0.8,-0.4,-1.2,0.1,
379,308.0,John Thomas,22.0,2TM,PF,54.0,2.0,535.0,9.1,0.552,0.0,0.478,9.7,13.5,11.5,4.9,2.1,1.7,25.2,14.8,0.0,0.4,0.4,0.034,-4.7,-0.5,-5.2,-0.4,
380,308.0,John Thomas,22.0,BOS,PF,33.0,2.0,368.0,10.1,0.571,0.0,0.413,9.4,13.3,11.2,5.4,2.7,1.9,25.9,15.0,0.0,0.4,0.4,0.054,-4.1,0.6,-3.5,-0.1,
381,308.0,John Thomas,22.0,TOR,PF,21.0,0.0,167.0,6.8,0.509,0.0,0.636,10.3,14.0,12.1,3.6,0.9,1.2,23.5,14.5,0.0,0.0,0.0,-0.009,-6.0,-3.0,-9.1,-0.3,
382,309.0,Jerald Honeycutt,23.0,MIL,PF,38.0,0.0,530.0,11.8,0.497,0.348,0.262,6.2,15.3,10.7,11.1,2.0,0.8,16.6,25.4,-0.2,0.5,0.3,0.029,-2.2,-0.7,-2.9,-0.1,
383,310.0,Mahmoud Abdul-Rauf,28.0,SAC,PG,31.0,0.0,530.0,10.5,0.405,0.114,0.059,1.2,6.7,3.9,19.7,1.6,0.1,6.4,25.1,-0.5,0.2,-0.3,-0.025,-3.2,-1.5,-4.7,-0.4,
384,311.0,Carl Herrera,31.0,SAS,PF,58.0,1.0,516.0,8.1,0.437,0.006,0.251,5.7,14.1,10.2,7.3,2.0,1.6,16.4,21.1,-0.9,0.9,0.1,0.006,-5.7,0.9,-4.8,-0.4,
385,312.0,David Vaughn,24.0,3TM,PF,40.0,2.0,489.0,11.4,0.48,0.007,0.318,11.4,23.1,17.0,7.0,1.6,1.4,19.2,18.6,-0.2,0.6,0.4,0.04,-4.2,-0.5,-4.8,-0.4,
386,312.0,David Vaughn,24.0,GSW,PF,22.0,0.0,322.0,10.8,0.442,0.009,0.298,11.0,23.2,16.9,9.7,1.6,1.3,19.4,21.7,-0.5,0.4,0.0,-0.002,-4.9,-0.6,-5.5,-0.3,
387,312.0,David Vaughn,24.0,CHI,PF,3.0,0.0,6.0,23.3,0.725,0.0,4.0,0.0,19.2,9.5,0.0,0.0,0.0,0.0,20.6,0.0,0.0,0.0,0.315,3.8,1.9,5.7,0.0,
388,312.0,David Vaughn,24.0,NJN,PF,15.0,2.0,161.0,12.1,0.595,0.0,0.273,12.8,23.0,17.6,1.9,1.6,1.8,19.6,12.4,0.2,0.2,0.4,0.114,-3.3,-0.5,-3.8,-0.1,
389,313.0,Reggie Jordan,30.0,MIN,SG,57.0,1.0,487.0,15.3,0.515,0.009,0.637,13.4,9.2,11.3,15.1,3.7,1.3,17.2,15.9,0.6,0.5,1.2,0.114,-0.1,1.4,1.3,0.4,
390,314.0,Kevin Edwards,32.0,2TM,SG,39.0,5.0,487.0,9.5,0.416,0.091,0.212,4.6,8.6,6.5,12.9,2.8,0.1,14.3,19.2,-0.3,0.4,0.1,0.009,-3.3,0.4,-2.8,-0.1,
391,314.0,Kevin Edwards,32.0,NJN,SG,27.0,5.0,352.0,8.1,0.404,0.104,0.142,3.4,8.1,5.6,11.1,3.1,0.0,15.1,16.4,-0.3,0.3,0.0,-0.001,-3.9,0.9,-3.1,-0.1,
392,314.0,Kevin Edwards,32.0,ORL,SG,12.0,0.0,135.0,13.1,0.435,0.068,0.339,7.7,9.8,8.7,17.5,2.0,0.5,12.9,26.4,0.0,0.1,0.1,0.035,-1.6,-0.6,-2.2,0.0,
393,315.0,Ed Gray,22.0,ATL,SG,30.0,3.0,472.0,13.0,0.492,0.228,0.322,2.3,8.7,5.6,12.8,1.7,1.6,11.5,25.6,0.4,0.4,0.8,0.083,-1.3,-0.2,-1.4,0.1,
394,316.0,Bill Wennington,34.0,CHI,C,48.0,8.0,467.0,9.4,0.461,0.0,0.122,7.8,11.8,9.8,6.7,0.5,0.8,8.1,18.9,0.3,0.6,0.8,0.085,-4.9,-1.4,-6.2,-0.5,
395,317.0,Duane Ferrell,32.0,GSW,SF,50.0,5.0,461.0,6.4,0.389,0.054,0.198,5.6,5.2,5.4,9.0,2.4,0.9,13.0,13.1,-0.4,0.3,0.0,-0.004,-5.4,0.7,-4.7,-0.3,
396,318.0,Jamie Feick,23.0,MIL,PF,45.0,2.0,450.0,12.1,0.472,0.144,0.456,12.1,21.6,16.8,5.5,3.0,2.8,16.3,13.1,0.1,0.7,0.9,0.091,-2.5,1.0,-1.4,0.1,
397,319.0,Pervis Ellison,30.0,BOS,PF,33.0,8.0,447.0,13.1,0.589,0.0,0.486,12.6,16.4,14.4,10.3,2.3,5.4,24.8,10.9,0.4,0.6,1.1,0.114,-2.7,2.1,-0.6,0.2,
398,320.0,Vincent Askew,31.0,POR,SG,30.0,5.0,443.0,6.7,0.464,0.037,0.722,5.7,11.9,8.9,12.5,2.3,0.8,33.0,10.9,-0.4,0.6,0.2,0.023,-4.1,2.0,-2.1,0.0,
399,321.0,Ricky Pierce,38.0,MIL,SG,39.0,0.0,442.0,9.8,0.455,0.091,0.364,5.2,7.2,6.2,12.5,1.1,0.0,11.2,19.3,0.1,0.2,0.3,0.033,-1.5,-1.3,-2.8,-0.1,
400,322.0,Dickey Simpkins,25.0,2TM,PF,40.0,0.0,433.0,10.6,0.551,0.022,0.787,6.7,13.0,9.8,12.0,1.1,0.8,21.1,15.5,0.1,0.5,0.6,0.068,-3.1,0.1,-3.0,-0.1,
401,322.0,Dickey Simpkins,25.0,GSW,PF,19.0,0.0,196.0,9.0,0.454,0.021,0.542,10.1,15.1,12.5,13.5,1.3,0.7,24.2,17.5,-0.3,0.2,-0.1,-0.027,-3.9,-0.6,-4.5,-0.1,
402,322.0,Dickey Simpkins,25.0,CHI,PF,21.0,0.0,237.0,11.9,0.646,0.024,1.073,3.8,11.2,7.5,10.8,0.9,0.9,17.7,13.9,0.4,0.3,0.7,0.146,-2.5,0.7,-1.8,0.0,
403,323.0,Kevin Ollie,25.0,2TM,PG,35.0,0.0,430.0,8.9,0.477,0.01,0.714,2.3,8.2,5.2,24.3,1.6,0.0,25.5,18.4,-0.4,0.2,-0.1,-0.014,-3.8,-0.6,-4.4,-0.3,
404,323.0,Kevin Ollie,25.0,DAL,PG,16.0,0.0,214.0,7.9,0.434,0.0,0.595,3.1,8.0,5.5,22.7,1.5,0.0,23.2,14.8,-0.1,0.1,-0.1,-0.017,-4.5,-0.9,-5.4,-0.2,
405,323.0,Kevin Ollie,25.0,ORL,PG,19.0,0.0,216.0,9.9,0.508,0.018,0.804,1.6,8.4,4.9,25.8,1.8,0.0,27.0,22.0,-0.2,0.2,0.0,-0.011,-3.0,-0.3,-3.3,-0.1,
406,324.0,Malik Rose,23.0,SAS,PF,53.0,0.0,429.0,10.1,0.485,0.022,0.449,11.5,12.6,12.1,7.5,2.7,1.2,21.3,22.6,-0.4,0.8,0.4,0.044,-5.3,0.6,-4.8,-0.3,
407,325.0,Carl Thomas,28.0,3TM,SG,43.0,0.0,426.0,10.9,0.49,0.421,0.179,2.7,10.4,6.6,7.9,2.6,1.2,10.7,17.9,0.1,0.6,0.7,0.075,-1.6,1.2,-0.3,0.2,
408,325.0,Carl Thomas,28.0,GSW,SG,10.0,0.0,139.0,11.0,0.447,0.323,0.154,3.0,4.7,3.8,12.0,1.9,0.5,8.0,23.7,0.0,0.1,0.1,0.019,-1.9,-0.7,-2.6,0.0,
409,325.0,Carl Thomas,28.0,ORL,SG,4.0,0.0,15.0,27.8,0.765,0.0,0.4,0.0,0.0,0.0,15.4,0.0,4.8,0.0,18.0,0.1,0.0,0.1,0.271,10.9,2.5,13.4,0.1,
410,325.0,Carl Thomas,28.0,CLE,SG,29.0,0.0,272.0,10.0,0.508,0.543,0.186,2.7,13.8,8.3,5.4,3.1,1.4,13.7,14.9,0.0,0.5,0.5,0.092,-2.1,2.2,0.1,0.1,
411,326.0,Sean Rooks,28.0,LAL,C,41.0,1.0,425.0,13.4,0.512,0.0,0.782,12.6,18.7,15.7,8.2,0.2,3.7,12.3,16.0,0.7,0.5,1.1,0.13,-2.3,-0.7,-3.0,-0.1,
412,327.0,Jacque Vaughn,22.0,UTA,PG,45.0,0.0,419.0,6.9,0.457,0.066,0.557,1.3,9.5,5.6,30.8,1.2,0.2,26.9,23.0,-0.6,0.2,-0.4,-0.048,-5.1,-2.4,-7.6,-0.6,
413,328.0,Chris Robinson,23.0,2TM,SG,35.0,0.0,414.0,9.1,0.447,0.379,0.092,2.4,10.2,6.2,15.8,2.4,0.7,15.4,23.0,-0.5,0.2,-0.3,-0.034,-3.8,-1.3,-5.1,-0.3,
414,328.0,Chris Robinson,23.0,VAN,SG,16.0,0.0,143.0,4.7,0.423,0.381,0.032,0.0,10.4,5.2,11.7,2.6,0.5,19.0,24.5,-0.4,0.0,-0.4,-0.13,-7.2,-2.2,-9.5,-0.3,
415,328.0,Chris Robinson,23.0,SAC,SG,19.0,0.0,271.0,11.4,0.461,0.378,0.126,3.6,10.1,6.8,18.0,2.3,0.8,13.3,22.2,-0.1,0.2,0.1,0.017,-2.0,-0.8,-2.8,-0.1,
416,329.0,Greg Anderson,33.0,ATL,C,50.0,0.0,398.0,10.4,0.444,0.062,0.506,12.0,22.6,17.4,5.9,2.6,1.8,14.7,13.5,0.0,0.7,0.7,0.09,-4.3,0.9,-3.4,-0.1,
417,330.0,Joe Kleine,36.0,CHI,C,46.0,1.0,397.0,5.5,0.408,0.0,0.17,7.8,14.5,11.1,11.2,0.5,0.9,19.7,16.0,-0.4,0.5,0.1,0.016,-6.3,-0.2,-6.4,-0.4,
418,331.0,Bubba Wells,23.0,DAL,SG,39.0,2.0,395.0,11.1,0.474,0.052,0.371,6.1,13.2,9.6,14.3,2.0,0.7,18.7,19.2,-0.2,0.3,0.1,0.013,-3.1,-0.5,-3.5,-0.2,
419,332.0,John Crotty,28.0,POR,PG,26.0,2.0,379.0,7.0,0.457,0.222,0.378,1.3,8.3,4.9,25.5,1.4,0.2,28.6,17.6,-0.4,0.3,-0.1,-0.013,-4.2,-1.1,-5.2,-0.3,
420,333.0,Carlos Rogers,26.0,2TM,PF,21.0,0.0,376.0,12.7,0.533,0.022,0.352,10.1,9.9,10.0,7.7,1.4,1.5,11.8,13.9,0.5,0.0,0.5,0.064,-1.0,-1.7,-2.7,-0.1,
421,333.0,Carlos Rogers,26.0,TOR,PF,18.0,0.0,351.0,13.1,0.534,0.011,0.368,10.5,10.3,10.4,7.4,1.3,1.6,11.4,14.3,0.5,0.0,0.5,0.064,-0.9,-1.7,-2.6,-0.1,
422,333.0,Carlos Rogers,26.0,POR,PF,3.0,0.0,25.0,8.1,0.5,0.25,0.0,4.8,4.5,4.7,12.4,2.1,0.0,20.0,9.1,0.0,0.0,0.0,0.057,-2.0,-1.1,-3.1,0.0,
423,334.0,Jon Barry,28.0,LAL,SG,49.0,1.0,374.0,13.3,0.518,0.587,0.279,2.5,8.6,5.6,19.7,3.3,0.6,15.9,16.4,0.5,0.4,0.9,0.116,-0.7,1.0,0.2,0.2,
424,335.0,Travis Williams,28.0,CHH,SF,39.0,0.0,365.0,13.7,0.488,0.008,0.387,17.7,12.8,15.2,9.2,2.6,1.0,17.7,21.4,0.1,0.4,0.5,0.065,-2.3,-0.9,-3.2,-0.1,
425,336.0,Duane Causwell,29.0,MIA,C,37.0,2.0,363.0,9.2,0.443,0.0,0.292,9.7,21.9,16.0,2.2,1.1,5.4,15.2,15.2,-0.2,0.7,0.5,0.069,-6.1,1.4,-4.7,-0.2,
426,337.0,Gary Grant,32.0,POR,PG,22.0,2.0,359.0,16.1,0.529,0.204,0.151,2.7,12.5,7.8,38.5,2.5,0.4,19.5,15.5,0.6,0.5,1.1,0.147,0.4,1.4,1.8,0.3,
427,338.0,Mario Bennett,24.0,LAL,PF,45.0,4.0,354.0,22.2,0.573,0.015,0.326,19.7,20.6,20.1,9.0,2.8,2.2,12.0,21.8,0.9,0.6,1.5,0.201,1.4,-0.5,0.9,0.3,
428,339.0,Popeye Jones,27.0,TOR,PF,14.0,4.0,352.0,13.4,0.443,0.024,0.15,15.3,17.2,16.2,8.6,1.5,0.6,10.6,18.9,0.2,0.1,0.3,0.038,-1.3,-3.2,-4.5,-0.2,
429,340.0,Priest Lauderdale,24.0,DEN,C,39.0,0.0,345.0,10.0,0.458,0.0,0.543,9.0,25.7,17.1,11.6,1.1,3.7,22.6,26.8,-0.9,0.2,-0.6,-0.087,-6.4,-1.0,-7.4,-0.5,
430,341.0,Harold Ellis,27.0,DEN,SF,27.0,3.0,344.0,18.1,0.591,0.036,0.568,9.0,8.1,8.6,10.5,3.0,0.9,12.0,20.9,0.8,0.1,0.9,0.12,0.8,-0.7,0.1,0.2,
431,342.0,Donald Royal,31.0,2TM,SF,31.0,5.0,323.0,8.3,0.473,0.0,0.478,6.8,8.5,7.6,7.9,1.2,0.2,10.7,13.4,0.3,0.2,0.4,0.065,-2.9,-1.1,-4.0,-0.2,
432,342.0,Donald Royal,31.0,ORL,SF,2.0,0.0,18.0,-1.6,0.322,0.0,0.667,12.8,13.4,13.1,8.6,3.1,0.0,27.9,27.4,-0.1,0.0,-0.1,-0.199,-13.6,-2.0,-15.6,-0.1,
433,342.0,Donald Royal,31.0,CHH,SF,29.0,5.0,305.0,8.9,0.488,0.0,0.46,6.4,8.2,7.3,7.8,1.1,0.2,8.5,12.6,0.4,0.1,0.5,0.08,-2.3,-1.1,-3.3,-0.1,
434,343.0,Scot Pollard,22.0,DET,C,33.0,0.0,317.0,13.3,0.555,0.0,0.329,12.7,15.1,13.9,4.7,1.4,2.4,13.0,13.5,0.5,0.4,0.9,0.141,-1.5,-0.4,-2.0,0.0,
435,344.0,Scott Brooks,32.0,CLE,PG,43.0,0.0,312.0,13.9,0.528,0.167,0.303,2.4,9.3,5.9,25.3,3.1,0.7,13.8,12.8,0.5,0.5,1.0,0.157,-0.2,2.8,2.6,0.4,
436,345.0,Chris Garner,22.0,TOR,PG,38.0,0.0,293.0,5.6,0.363,0.2,0.1,2.6,6.8,4.6,23.1,3.7,0.9,25.5,14.7,-0.5,0.1,-0.4,-0.069,-6.9,-0.2,-7.1,-0.4,
437,346.0,Robert Pack,28.0,DAL,PG,12.0,10.0,292.0,9.0,0.413,0.061,0.367,3.0,10.1,6.5,23.5,3.7,0.2,25.0,23.8,-0.9,0.3,-0.6,-0.093,-4.7,-0.1,-4.9,-0.2,
438,347.0,Charles Smith,22.0,2TM,SG,34.0,0.0,292.0,9.8,0.458,0.376,0.088,5.2,5.5,5.3,12.6,2.2,1.4,17.2,24.0,-0.4,0.0,-0.3,-0.057,-2.6,-2.5,-5.1,-0.2,
439,347.0,Charles Smith,22.0,MIA,SG,11.0,0.0,32.0,-0.5,0.265,0.167,0.111,18.9,10.7,14.7,10.5,3.4,2.3,24.1,36.3,-0.3,0.1,-0.2,-0.323,-11.5,-4.7,-16.2,-0.1,
440,347.0,Charles Smith,22.0,LAC,SG,23.0,0.0,260.0,11.1,0.491,0.411,0.084,3.5,4.9,4.2,12.9,2.0,1.3,15.9,22.5,-0.1,0.0,-0.1,-0.024,-1.5,-2.2,-3.7,-0.1,
441,348.0,Nate McMillan,33.0,SEA,SG,18.0,1.0,279.0,12.7,0.46,0.507,0.015,5.7,11.4,8.6,28.6,2.7,1.1,15.1,13.2,0.4,0.3,0.8,0.131,0.4,1.9,2.3,0.3,
442,349.0,Doug Overton,28.0,PHI,PG,23.0,2.0,277.0,5.2,0.443,0.048,0.254,0.8,5.0,2.9,21.2,1.5,0.3,24.7,15.1,-0.3,0.1,-0.2,-0.035,-5.8,-1.1,-6.9,-0.3,
443,350.0,Loy Vaught,29.0,LAC,PF,10.0,6.0,265.0,7.8,0.428,0.024,0.095,6.8,21.2,14.0,4.4,0.8,0.5,12.9,16.8,-0.2,0.1,-0.2,-0.029,-4.5,-2.6,-7.1,-0.3,
444,351.0,Chris Crawford,22.0,ATL,PF,40.0,0.0,256.0,20.4,0.536,0.027,0.618,9.5,9.3,9.4,6.4,2.6,1.9,11.4,28.6,0.6,0.3,0.9,0.17,0.9,-0.7,0.3,0.1,
445,352.0,Drew Barry,24.0,ATL,PG,27.0,0.0,256.0,10.7,0.64,0.553,0.342,2.4,13.3,8.0,29.2,2.1,0.3,40.7,13.3,0.0,0.3,0.3,0.058,-2.7,-0.5,-3.2,-0.1,
446,353.0,Ivano Newbill,27.0,VAN,PF,28.0,2.0,249.0,7.6,0.413,0.018,0.526,11.1,20.7,15.9,5.3,2.1,0.8,19.5,15.6,-0.3,0.1,-0.1,-0.022,-5.4,-1.5,-6.9,-0.3,
447,354.0,Austin Croshere,22.0,IND,PF,26.0,0.0,243.0,7.7,0.412,0.151,0.163,5.2,16.5,11.1,5.4,2.0,1.5,12.4,20.6,-0.4,0.4,0.0,0.003,-6.0,-0.1,-6.1,-0.3,
448,355.0,Gerald Madkins,28.0,GSW,SG,19.0,0.0,243.0,9.8,0.499,0.441,0.206,0.9,5.9,3.3,27.9,2.8,0.3,26.0,9.0,0.1,0.2,0.3,0.057,-2.3,2.0,-0.3,0.1,
449,356.0,Rex Walters,27.0,2TM,SG,38.0,0.0,235.0,11.8,0.612,0.415,0.528,2.5,9.2,5.9,24.1,1.8,0.3,29.2,17.9,0.2,0.2,0.4,0.073,-1.6,0.0,-1.6,0.0,
450,356.0,Rex Walters,27.0,PHI,SG,19.0,0.0,127.0,9.7,0.576,0.483,0.586,2.7,5.5,4.1,26.2,2.1,0.0,31.8,18.9,0.0,0.1,0.1,0.022,-2.7,-0.9,-3.6,-0.1,
451,356.0,Rex Walters,27.0,MIA,SG,19.0,0.0,108.0,14.2,0.659,0.333,0.458,2.2,13.7,8.1,21.6,1.5,0.7,25.7,16.8,0.2,0.1,0.3,0.134,-0.4,1.1,0.7,0.1,
452,357.0,Charles O'Bannon,22.0,DET,SG,30.0,0.0,234.0,10.5,0.423,0.043,0.217,7.1,9.7,8.4,12.0,2.1,0.3,10.6,16.8,0.0,0.2,0.2,0.048,-2.2,0.1,-2.1,0.0,
453,358.0,Anthony Miller,26.0,ATL,PF,37.0,0.0,228.0,16.4,0.571,0.0,0.75,16.1,19.9,18.1,2.2,3.6,0.9,16.8,16.9,0.3,0.4,0.8,0.159,-1.8,0.1,-1.8,0.0,
454,359.0,Kiwane Lemorris Garris,23.0,DEN,SG,28.0,0.0,225.0,8.7,0.447,0.215,0.385,1.5,8.6,5.0,21.4,1.7,0.3,16.5,18.4,-0.1,0.0,-0.1,-0.03,-3.6,-2.0,-5.6,-0.2,
455,360.0,Anthony Bowie,34.0,NYK,SG,27.0,3.0,224.0,12.9,0.596,0.068,0.153,4.8,9.2,7.0,8.5,1.5,0.7,10.0,14.6,0.4,0.3,0.7,0.148,-0.5,0.8,0.4,0.1,
456,361.0,Marty Conlon,30.0,MIA,C,18.0,0.0,209.0,17.2,0.541,0.0,0.71,9.3,16.3,12.9,9.8,2.4,1.7,11.9,20.6,0.4,0.4,0.8,0.177,-0.4,1.2,0.8,0.1,
457,362.0,Mitchell Butler,27.0,CLE,SG,18.0,0.0,206.0,4.8,0.36,0.128,0.213,3.6,9.4,6.6,13.7,2.1,0.0,13.5,13.3,-0.2,0.3,0.1,0.016,-5.0,2.1,-2.9,0.0,
458,363.0,Benoit Benjamin,33.0,PHI,C,14.0,0.0,197.0,12.5,0.581,0.0,0.732,10.4,20.6,15.5,2.5,1.1,1.5,18.1,15.1,0.2,0.2,0.4,0.098,-2.1,-1.1,-3.2,-0.1,
459,364.0,Anthony Parker,22.0,PHI,SG,37.0,0.0,196.0,14.0,0.501,0.444,0.317,4.7,10.6,7.6,16.4,3.0,1.1,13.3,19.0,0.2,0.2,0.4,0.089,0.0,1.0,1.0,0.1,
460,365.0,Mark Pope,25.0,IND,SF,28.0,0.0,193.0,3.4,0.402,0.073,0.415,5.9,10.1,8.1,5.5,0.8,2.2,17.1,14.4,-0.2,0.2,0.0,-0.003,-7.1,-0.4,-7.6,-0.3,
461,366.0,Shawnelle Scott,25.0,CLE,C,41.0,0.0,188.0,10.6,0.501,0.0,0.5,13.3,25.1,19.3,6.8,1.7,3.2,18.5,13.2,0.1,0.4,0.5,0.132,-4.5,2.0,-2.5,0.0,
462,367.0,Xavier McDaniel,34.0,NJN,SF,20.0,0.0,180.0,4.3,0.373,0.0,0.267,7.2,13.1,10.0,7.0,0.9,0.8,19.3,10.0,-0.1,0.1,0.0,-0.007,-5.5,-0.4,-5.9,-0.2,
463,368.0,Herb Williams,39.0,NYK,PF,27.0,0.0,178.0,6.1,0.398,0.0,0.186,4.0,15.6,9.8,3.6,1.8,3.9,9.7,13.6,-0.2,0.3,0.2,0.041,-6.7,2.6,-4.2,-0.1,
464,369.0,Tony Farmer,28.0,CHH,C,27.0,2.0,169.0,13.9,0.477,0.17,0.736,11.5,11.3,11.4,4.6,3.2,1.7,11.4,21.7,0.2,0.2,0.4,0.109,-1.9,-0.6,-2.5,0.0,
465,370.0,Brooks Thompson,27.0,2TM,PG,30.0,0.0,167.0,11.2,0.496,0.536,0.143,0.7,10.0,5.3,26.5,3.2,0.5,21.2,20.9,-0.1,0.3,0.2,0.051,-3.2,1.3,-1.9,0.0,
466,370.0,Brooks Thompson,27.0,PHO,PG,13.0,0.0,46.0,11.4,0.459,0.593,0.111,2.6,9.9,6.3,11.5,4.6,0.0,15.0,32.8,-0.1,0.1,0.0,-0.034,-4.0,0.8,-3.2,0.0,
467,370.0,Brooks Thompson,27.0,NYK,PG,17.0,0.0,121.0,11.2,0.529,0.483,0.172,0.0,10.0,5.0,32.3,2.7,0.6,26.1,16.4,0.0,0.2,0.2,0.084,-2.9,1.5,-1.4,0.0,
468,371.0,Henry James,32.0,CLE,PF,28.0,0.0,166.0,10.6,0.582,0.424,0.373,1.5,9.5,5.5,5.3,0.3,0.5,14.9,22.4,0.2,0.2,0.3,0.101,-1.9,-1.5,-3.4,-0.1,
469,372.0,Marko Milič,20.0,PHO,SF,33.0,0.0,163.0,18.4,0.644,0.094,0.266,7.3,10.5,9.0,13.5,3.2,0.0,22.7,25.7,0.1,0.2,0.3,0.102,-0.4,-0.1,-0.5,0.1,
470,373.0,Micheal Williams,31.0,MIN,PG,25.0,0.0,161.0,13.9,0.512,0.083,0.688,1.4,8.4,4.9,28.7,2.9,0.9,20.4,21.7,0.1,0.1,0.3,0.08,-2.4,0.5,-1.9,0.0,
471,374.0,DeJuan Wheat,24.0,MIN,PG,34.0,0.0,150.0,13.5,0.504,0.34,0.3,2.3,6.0,4.2,25.3,2.1,0.5,13.7,19.4,0.2,0.1,0.2,0.072,0.9,-0.9,0.0,0.1,
472,375.0,God Shammgod,21.0,WAS,PG,20.0,0.0,146.0,9.2,0.428,0.034,0.517,1.5,4.0,2.7,38.1,2.5,0.5,22.8,28.1,-0.3,0.1,-0.1,-0.049,-4.5,-1.8,-6.2,-0.2,
473,376.0,Bill Curley,25.0,MIN,PF,11.0,1.0,146.0,7.8,0.495,0.03,0.091,8.6,13.1,10.9,4.0,1.1,0.5,8.0,11.4,0.1,0.1,0.2,0.068,-4.9,-1.5,-6.4,-0.2,
474,377.0,Eric Williams,25.0,DEN,SF,4.0,4.0,145.0,17.0,0.489,0.0,0.738,7.9,9.2,8.5,16.1,1.5,0.0,10.0,28.2,0.2,0.0,0.1,0.049,2.2,-2.5,-0.2,0.1,
475,378.0,Rusty LaRue,24.0,CHI,PG,14.0,0.0,140.0,7.3,0.466,0.327,0.163,0.8,5.7,3.3,5.7,1.2,0.5,10.3,18.7,0.0,0.1,0.1,0.04,-3.7,0.2,-3.6,-0.1,
476,379.0,Brandon Williams,22.0,GSW,SG,9.0,2.0,140.0,2.9,0.357,0.18,0.08,3.0,8.6,5.7,3.6,2.2,1.5,14.8,18.9,-0.4,0.1,-0.3,-0.089,-8.1,-0.9,-9.1,-0.3,
477,380.0,Charles Jones,40.0,HOU,PF,24.0,0.0,127.0,7.8,0.689,0.0,0.2,11.3,11.1,11.2,5.7,0.4,3.3,26.9,5.3,0.2,0.0,0.2,0.078,-3.2,-0.1,-3.4,0.0,
478,381.0,Litterial Green,27.0,MIL,PG,21.0,0.0,124.0,5.4,0.393,0.087,0.87,1.0,6.0,3.4,18.7,1.7,0.0,20.1,14.6,-0.1,0.1,-0.1,-0.024,-4.6,-0.3,-4.9,-0.1,
479,382.0,Lorenzo Williams,28.0,WAS,PF,14.0,6.0,111.0,14.1,0.727,0.0,0.118,15.9,10.6,13.3,4.1,0.9,1.9,10.1,8.0,0.3,0.1,0.4,0.169,-0.4,-0.3,-0.7,0.0,
480,383.0,Kebu Stewart,24.0,PHI,PF,15.0,0.0,110.0,14.0,0.541,0.0,0.962,9.3,23.2,16.2,3.0,2.4,1.3,17.8,18.4,0.1,0.2,0.2,0.098,-1.6,0.1,-1.4,0.0,
481,384.0,Johnny Taylor,23.0,ORL,SF,12.0,0.0,108.0,4.4,0.431,0.054,0.432,4.3,10.0,7.1,1.6,1.5,1.3,15.4,22.1,-0.2,0.1,-0.1,-0.032,-8.0,-1.6,-9.6,-0.2,
482,385.0,Roy Rogers,24.0,2TM,PF,15.0,0.0,106.0,5.4,0.362,0.0,0.24,8.1,10.5,9.1,2.8,1.5,5.6,15.3,13.4,-0.2,0.1,-0.1,-0.047,-6.5,-2.3,-8.8,-0.2,
483,385.0,Roy Rogers,24.0,BOS,PF,9.0,0.0,37.0,8.2,0.394,0.0,0.25,0.0,17.4,8.0,4.0,2.8,8.5,10.1,11.5,0.0,0.1,0.0,0.036,-5.2,3.4,-1.8,0.0,
484,385.0,Roy Rogers,24.0,TOR,PF,6.0,0.0,69.0,3.9,0.346,0.0,0.235,12.5,6.8,9.7,2.2,0.8,4.0,17.6,14.5,-0.1,0.0,-0.1,-0.091,-7.2,-5.4,-12.6,-0.2,
485,386.0,Mark West,37.0,IND,C,15.0,1.0,105.0,5.1,0.486,0.0,0.286,7.2,9.8,8.6,3.0,1.0,2.7,25.3,14.3,-0.1,0.1,0.0,-0.002,-5.8,0.3,-5.5,-0.1,
486,387.0,James Collins,24.0,LAC,SG,23.0,0.0,103.0,15.3,0.482,0.364,0.255,7.7,7.8,7.7,5.4,3.0,1.9,11.6,29.8,0.0,0.0,0.0,0.008,1.0,-2.0,-1.0,0.0,
487,388.0,Brad Lohaus,33.0,SAS,PF,9.0,0.0,102.0,5.2,0.426,0.667,0.143,3.6,9.6,6.8,7.4,0.5,1.4,11.8,11.6,0.0,0.1,0.1,0.043,-3.9,-0.3,-4.2,-0.1,
488,389.0,Dontae' Jones,22.0,BOS,SF,15.0,0.0,91.0,3.8,0.386,0.404,0.0,3.6,8.5,5.8,9.9,1.1,2.6,16.2,32.3,-0.4,0.1,-0.3,-0.175,-6.5,-4.3,-10.9,-0.2,
489,390.0,Kevin Salvadori,27.0,SAC,C,16.0,0.0,87.0,2.1,0.16,0.0,0.462,6.3,19.7,12.8,4.7,0.0,8.6,24.2,10.5,-0.3,0.1,-0.2,-0.1,-9.3,1.0,-8.3,-0.1,
490,391.0,Randy Livingston,22.0,ATL,PG,12.0,0.0,82.0,5.2,0.352,0.0,0.417,1.5,6.9,4.3,8.8,4.7,1.7,29.7,11.4,-0.2,0.1,0.0,-0.028,-5.4,4.1,-1.3,0.0,
491,392.0,Lloyd Daniels,30.0,TOR,SG,6.0,0.0,82.0,13.5,0.509,0.31,0.345,5.3,4.3,4.8,8.2,1.9,1.7,10.7,20.0,0.1,0.0,0.1,0.04,-0.8,-2.6,-3.3,0.0,
492,393.0,Jason Lawson,23.0,ORL,C,17.0,0.0,80.0,21.5,0.67,0.0,0.667,11.5,28.6,19.9,10.7,2.8,3.6,9.3,12.3,0.3,0.2,0.5,0.28,1.1,3.7,4.8,0.1,
493,394.0,Tony Smith,29.0,MIL,PG,7.0,0.0,80.0,6.4,0.369,0.167,0.167,6.0,4.6,5.3,19.8,3.3,1.8,25.9,19.8,-0.2,0.1,-0.1,-0.088,-4.3,1.0,-3.3,0.0,
494,395.0,Tim Legler,31.0,WAS,SG,8.0,0.0,76.0,-4.5,0.217,0.316,0.211,2.9,3.1,3.0,5.3,0.7,0.0,16.2,14.5,-0.3,0.0,-0.3,-0.165,-10.9,-2.5,-13.4,-0.2,
495,396.0,Kurt Thomas,25.0,DAL,PF,5.0,0.0,73.0,6.4,0.399,0.0,0.067,11.9,24.9,18.3,8.4,0.7,0.0,17.8,35.3,-0.3,0.1,-0.2,-0.161,-11.5,-5.3,-16.8,-0.3,
496,397.0,Todd Day,28.0,MIA,SG,5.0,0.0,69.0,14.8,0.429,0.387,0.29,7.0,3.3,5.1,18.1,5.5,0.0,7.9,25.7,0.0,0.1,0.1,0.102,-2.2,2.3,0.1,0.0,
497,398.0,Steve Henson,29.0,DET,PG,23.0,0.0,65.0,14.1,0.619,0.308,0.269,0.0,3.7,1.8,11.9,0.8,0.0,17.1,25.1,0.1,0.0,0.1,0.098,-0.7,-1.9,-2.7,0.0,
498,399.0,George Zídek,24.0,2TM,C,12.0,0.0,64.0,9.1,0.402,0.069,0.552,7.2,24.4,15.7,5.1,0.0,2.3,10.0,28.7,-0.1,0.0,0.0,-0.036,-7.0,-5.0,-12.0,-0.2,
499,399.0,George Zídek,24.0,DEN,C,6.0,0.0,42.0,12.7,0.444,0.0,0.8,10.9,26.0,18.2,4.1,0.0,3.6,12.9,25.2,0.0,0.0,0.0,0.008,-3.8,-4.3,-8.1,-0.1,
500,399.0,George Zídek,24.0,SEA,C,6.0,0.0,22.0,2.3,0.349,0.143,0.286,0.0,21.3,10.9,7.1,0.0,0.0,6.0,35.3,-0.1,0.0,-0.1,-0.12,-13.2,-6.4,-19.6,-0.1,
501,400.0,Brian Oliver,29.0,ATL,SG,5.0,0.0,61.0,6.3,0.361,0.0,0.211,6.0,11.2,8.7,5.4,0.9,0.0,4.6,16.5,-0.1,0.0,0.0,-0.012,-5.9,-2.5,-8.3,-0.1,
502,401.0,Yinka Dare,25.0,NJN,C,10.0,0.0,60.0,4.5,0.279,0.0,0.444,18.1,14.4,16.4,2.4,0.0,2.5,8.5,17.0,-0.1,0.0,-0.1,-0.051,-6.6,-4.5,-11.1,-0.1,
503,402.0,Greg Graham,27.0,CLE,SG,6.0,0.0,56.0,2.1,0.621,0.25,0.167,0.0,2.2,1.1,18.3,1.0,0.0,43.7,18.9,-0.2,0.0,-0.1,-0.096,-7.0,-1.8,-8.8,-0.1,
504,403.0,Stephen Howard,27.0,SEA,SF,13.0,0.0,53.0,9.8,0.432,0.0,0.857,13.8,13.3,13.5,9.1,3.0,1.4,17.2,30.5,-0.1,0.1,0.0,-0.02,-8.2,-1.8,-10.0,-0.1,
505,404.0,Jack Haley,34.0,NJN,C,16.0,0.0,51.0,7.2,0.404,0.056,1.167,10.7,24.2,17.0,0.0,0.0,1.5,12.8,26.6,-0.1,0.0,0.0,-0.034,-8.0,-4.2,-12.2,-0.1,
506,405.0,Jeff Nordgaard,24.0,MIL,PF,13.0,0.0,48.0,11.6,0.41,0.0,0.5,10.1,25.7,17.8,10.0,2.2,0.0,12.0,23.7,0.0,0.1,0.0,0.043,-3.2,-0.5,-3.7,0.0,
507,406.0,Tony Dumas,25.0,CLE,SG,7.0,0.0,47.0,5.4,0.526,0.333,0.25,2.7,10.3,6.5,18.3,0.0,0.0,27.3,18.0,-0.1,0.0,0.0,-0.03,-4.4,-1.6,-6.0,0.0,
508,407.0,Tim Kempton,34.0,2TM,PF,8.0,0.0,47.0,-1.4,0.222,0.0,0.0,9.2,5.0,7.2,9.3,1.1,2.9,30.8,12.2,-0.2,0.0,-0.1,-0.147,-10.2,-2.3,-12.5,-0.1,
509,407.0,Tim Kempton,34.0,ORL,PF,3.0,0.0,15.0,-5.1,0.0,0.0,0.0,0.0,8.0,3.9,9.5,0.0,0.0,0.0,6.1,0.0,0.0,0.0,-0.089,-11.7,-1.5,-13.2,0.0,
510,407.0,Tim Kempton,34.0,TOR,PF,5.0,0.0,32.0,0.4,0.286,0.0,0.0,13.5,3.6,8.8,9.2,1.6,4.3,36.4,15.1,-0.1,0.0,-0.1,-0.175,-9.4,-2.7,-12.1,-0.1,
511,408.0,Alton Lister,39.0,POR,C,7.0,0.0,44.0,2.4,0.375,0.0,0.0,5.5,23.0,14.5,3.4,1.2,1.7,20.0,10.3,-0.1,0.1,0.0,0.021,-8.9,1.9,-7.0,-0.1,
512,409.0,Sharone Wright,25.0,TOR,C,7.0,0.0,44.0,10.7,0.508,0.0,0.286,2.5,21.2,11.5,15.5,0.0,0.0,11.3,17.7,0.0,0.0,0.0,0.036,-3.8,-2.6,-6.4,-0.1,
513,410.0,Willie Burton,29.0,SAS,SF,13.0,0.0,43.0,21.4,0.514,0.429,0.571,8.6,15.1,12.1,4.3,2.5,3.3,3.7,29.8,0.1,0.1,0.2,0.229,2.6,1.7,4.3,0.1,
514,411.0,Don MacLean,28.0,NJN,SF,9.0,0.0,42.0,-6.5,0.15,0.2,0.0,7.8,5.9,6.9,0.0,0.0,0.0,16.7,12.4,-0.1,0.0,-0.2,-0.173,-9.9,-5.1,-15.0,-0.1,
515,412.0,Horacio Llamas,24.0,PHO,C,8.0,0.0,42.0,8.6,0.472,0.143,0.476,11.4,38.0,25.0,4.0,1.2,5.2,26.2,37.1,-0.2,0.1,-0.1,-0.083,-14.5,-2.2,-16.7,-0.2,
516,413.0,Larry Robinson,30.0,VAN,SF,6.0,0.0,41.0,15.8,0.428,0.316,0.105,5.6,28.0,16.8,4.0,5.1,0.0,9.1,23.7,0.0,0.1,0.0,0.033,-0.8,-1.6,-2.4,0.0,
517,414.0,Pete Myers,34.0,NYK,SG,9.0,0.0,40.0,16.3,0.554,0.0,0.6,14.9,15.1,15.0,12.6,5.4,0.0,24.0,19.5,0.0,0.1,0.1,0.149,-2.1,5.1,3.0,0.0,
518,415.0,William Cunningham,23.0,2TM,C,7.0,2.0,39.0,9.3,0.444,0.0,0.0,13.6,14.5,15.3,3.9,2.8,0.0,0.0,10.7,0.1,0.1,0.1,0.131,-3.5,0.4,-3.1,0.0,
519,415.0,William Cunningham,23.0,UTA,C,6.0,2.0,38.0,8.7,0.444,0.0,0.0,14.0,12.3,13.1,4.0,2.8,0.0,0.0,11.0,0.1,0.0,0.1,0.122,-3.7,0.2,-3.5,0.0,
520,415.0,William Cunningham,23.0,PHI,C,1.0,0.0,1.0,33.3,,,,0.0,100.0,100.0,0.0,0.0,0.0,,0.0,0.0,0.0,0.0,0.473,4.0,5.4,9.5,0.0,
521,416.0,Joe Stephens,25.0,HOU,SF,7.0,0.0,37.0,17.7,0.441,0.357,0.214,9.7,9.5,9.6,5.7,2.9,0.0,6.1,40.0,0.0,0.0,0.0,-0.01,3.4,-3.7,-0.2,0.0,
522,417.0,Derek Grimm,23.0,SAC,SF,9.0,0.0,34.0,7.9,0.47,0.857,0.143,0.0,13.4,6.5,0.0,4.6,2.0,16.8,23.4,-0.1,0.1,0.0,-0.012,-4.1,1.6,-2.5,0.0,
523,418.0,Spud Webb,34.0,ORL,PG,4.0,0.0,34.0,3.2,0.466,0.083,0.167,6.8,3.5,5.2,26.7,1.6,0.0,35.2,26.8,-0.1,0.0,-0.1,-0.161,-9.1,-2.4,-11.4,-0.1,
524,419.0,Jeff Grayer,32.0,2TM,SG,5.0,0.0,34.0,2.7,0.455,0.545,0.0,0.0,12.9,6.3,9.3,3.1,0.0,26.7,19.7,-0.1,0.0,-0.1,-0.111,-10.0,0.2,-9.8,-0.1,
525,419.0,Jeff Grayer,32.0,CHH,SG,1.0,0.0,11.0,-20.0,0.0,0.75,0.0,0.0,0.0,0.0,12.1,0.0,0.0,33.3,25.2,-0.1,0.0,-0.1,-0.624,-18.6,-10.5,-29.0,-0.1,
526,419.0,Jeff Grayer,32.0,GSW,SG,4.0,0.0,23.0,13.5,0.714,0.429,0.0,0.0,19.1,9.3,8.0,4.6,0.0,22.2,17.1,0.0,0.0,0.1,0.135,-5.9,5.2,-0.6,0.0,
527,420.0,James Cotton,22.0,SEA,SG,9.0,0.0,33.0,12.5,0.481,0.19,0.429,7.4,14.2,10.9,0.0,1.6,2.3,19.4,43.5,-0.1,0.0,-0.1,-0.104,-6.1,-4.6,-10.7,-0.1,
528,421.0,Tim Breaux,27.0,MIL,SF,6.0,0.0,30.0,11.6,0.421,0.273,0.182,0.0,8.2,4.1,11.1,3.5,2.5,7.8,19.6,0.0,0.0,0.0,0.028,-0.8,0.5,-0.3,0.0,
529,422.0,Clifford Rozier,25.0,MIN,C,6.0,0.0,30.0,-1.7,0.466,0.0,0.167,11.5,11.2,11.4,0.0,0.0,0.0,38.3,15.5,-0.1,0.0,-0.1,-0.14,-11.7,-3.9,-15.5,-0.1,
530,423.0,Antonio Lang,25.0,MIA,SF,6.0,0.0,29.0,14.9,0.704,0.0,1.6,8.4,11.8,10.1,5.6,3.8,0.0,31.9,20.1,0.0,0.0,0.1,0.122,-3.0,0.5,-2.5,0.0,
531,424.0,Lawrence Moten,25.0,WAS,SG,8.0,0.0,27.0,-0.2,0.305,0.077,0.308,4.1,0.0,2.1,16.7,0.0,0.0,6.3,25.9,-0.1,0.0,-0.1,-0.134,-10.8,-3.9,-14.7,-0.1,
532,425.0,Reggie Hanson,29.0,BOS,SF,8.0,0.0,26.0,6.9,0.5,0.0,0.0,12.5,14.9,13.6,5.9,4.0,3.0,33.3,15.0,0.0,0.0,0.0,0.001,-8.5,2.9,-5.6,0.0,
533,426.0,Troy Hudson,21.0,UTA,PG,8.0,0.0,23.0,19.1,0.429,0.214,0.0,5.8,5.1,5.4,35.1,4.7,0.0,6.7,30.2,0.0,0.0,0.0,0.075,-1.1,0.5,-0.6,0.0,
534,427.0,Keith Booth,23.0,CHI,SF,6.0,0.0,17.0,13.8,0.579,0.167,1.0,13.4,13.5,13.5,9.0,0.0,0.0,25.8,30.7,0.0,0.0,0.0,0.107,-4.3,-2.7,-7.0,0.0,
535,428.0,Ed Stokes,26.0,TOR,C,4.0,0.0,17.0,6.4,0.387,0.0,0.667,6.3,20.6,13.2,8.6,3.0,8.1,34.0,15.2,-0.1,0.0,0.0,-0.078,-9.8,2.2,-7.6,0.0,
536,429.0,Donald Whiteside,28.0,ATL,PG,3.0,0.0,16.0,0.7,0.347,0.5,1.0,0.0,7.1,3.7,9.4,0.0,0.0,25.8,11.2,0.0,0.0,0.0,-0.12,-5.4,-2.3,-7.7,0.0,
537,430.0,Ben Davis,25.0,NYK,PF,7.0,0.0,13.0,7.7,0.2,0.0,0.0,55.2,0.0,27.7,0.0,4.2,0.0,0.0,36.1,-0.1,0.0,0.0,-0.127,-5.6,-12.0,-17.6,0.0,
538,431.0,Sean Higgins,29.0,POR,SF,2.0,0.0,12.0,-15.1,0.0,0.4,0.0,0.0,0.0,0.0,0.0,8.9,0.0,16.7,22.6,-0.1,0.0,-0.1,-0.414,-21.3,0.9,-20.4,-0.1,
539,432.0,Etdrick Bohannon,24.0,IND,PF,5.0,0.0,11.0,-10.3,0.0,0.0,0.0,23.1,41.7,32.8,12.3,0.0,12.9,42.9,30.3,-0.2,0.0,-0.1,-0.52,-22.7,-1.2,-23.9,-0.1,
540,433.0,Tom Chambers,38.0,PHI,PF,1.0,0.0,10.0,31.5,1.042,0.0,1.0,0.0,23.2,11.5,0.0,10.6,0.0,25.8,17.4,0.0,0.0,0.1,0.369,3.2,9.3,12.5,0.0,
541,434.0,Jimmy Oliver,28.0,WAS,SG,1.0,0.0,10.0,19.7,0.625,0.5,0.0,0.0,23.5,11.4,17.3,0.0,0.0,0.0,17.8,0.0,0.0,0.0,0.228,5.8,1.9,7.7,0.0,
542,435.0,Shea Seals,22.0,LAL,SG,4.0,0.0,9.0,4.9,0.205,0.375,0.5,38.7,12.3,25.1,0.0,5.7,0.0,0.0,47.8,-0.1,0.0,-0.1,-0.27,-10.2,-7.2,-17.5,0.0,
543,436.0,Dontonio Wingfield,23.0,POR,SF,3.0,0.0,9.0,-7.1,0.129,0.0,0.667,26.8,24.9,25.8,0.0,0.0,0.0,20.5,24.6,-0.1,0.0,-0.1,-0.299,-15.2,-7.8,-22.9,0.0,
544,437.0,Bob McCann,33.0,TOR,SF,1.0,0.0,5.0,-7.3,0.0,0.0,0.0,0.0,23.3,11.2,0.0,0.0,0.0,0.0,8.8,0.0,0.0,0.0,-0.186,-13.9,-3.6,-17.4,0.0,
545,438.0,Michael McDonald,28.0,CHH,C,1.0,0.0,4.0,-22.1,,,,30.5,0.0,15.1,0.0,0.0,0.0,100.0,23.1,-0.1,0.0,-0.1,-0.638,-26.2,-6.2,-32.4,0.0,
546,439.0,Adrian Caldwell,31.0,DAL,PF,1.0,0.0,3.0,0.0,,,,0.0,0.0,0.0,0.0,0.0,0.0,,0.0,0.0,0.0,0.0,-0.022,-3.6,-2.1,-5.6,0.0,
547,,League Average,,,,,,,,0.524,0.159,0.33,6.3,13.7,10.0,15.4,1.8,1.5,14.0,19.9,,,,,,,,,
