,Rk,Player,Age,Team,Pos,G,GS,MP,FG,FGA,FG%,3P,3PA,3P%,2P,2PA,2P%,eFG%,FT,FTA,FT%,ORB,DRB,TRB,AST,STL,BLK,TOV,PF,PTS,Awards
0,1.0,Luka Dončić,26.0,LAL,PG,41.0,41.0,36.0,10.6,22.3,0.475,3.6,10.4,0.348,7.0,11.8,0.588,0.557,8.6,11.0,0.779,0.8,7.1,7.9,8.7,1.5,0.5,4.2,2.5,33.4,
1,2.0,Shai Gilgeous-Alexander,27.0,OKC,PG,49.0,49.0,33.3,10.9,19.7,0.554,1.8,4.6,0.39,9.1,15.1,0.603,0.599,8.2,9.2,0.892,0.6,3.9,4.4,6.4,1.3,0.8,2.1,2.1,31.8,
2,3.0,Anthony Edwards,24.0,MIN,SG,41.0,41.0,35.4,10.2,20.6,0.494,3.4,8.4,0.407,6.8,12.2,0.554,0.577,5.9,7.4,0.795,0.6,4.6,5.2,3.7,1.3,0.8,2.7,1.9,29.7,
3,4.0,Jaylen Brown,29.0,BOS,SF,46.0,46.0,34.3,10.9,22.5,0.486,2.2,5.9,0.363,8.8,16.6,0.53,0.534,5.5,7.0,0.775,1.2,5.8,7.0,4.8,1.0,0.4,3.6,2.8,29.5,
4,5.0,Nikola Jokić,30.0,DEN,C,35.0,35.0,34.1,10.3,17.1,0.604,2.1,4.7,0.445,8.3,12.4,0.664,0.665,6.3,7.5,0.847,3.0,9.1,12.1,10.5,1.4,0.7,3.6,2.8,29.1,
5,6.0,Tyrese Maxey,25.0,PHI,PG,48.0,48.0,38.9,10.1,21.5,0.471,3.4,8.8,0.39,6.7,12.7,0.527,0.551,5.2,5.8,0.889,0.3,3.9,4.2,6.8,2.0,0.8,2.4,2.1,28.9,
6,7.0,Donovan Mitchell,29.0,CLE,SG,47.0,47.0,33.9,10.0,20.7,0.483,3.7,9.7,0.382,6.3,11.0,0.573,0.573,5.0,5.9,0.842,0.8,3.8,4.6,5.8,1.5,0.2,3.1,2.4,28.8,
7,8.0,Giannis Antetokounmpo,31.0,MIL,PF,30.0,30.0,29.2,10.5,16.2,0.645,0.5,1.3,0.395,10.0,15.0,0.666,0.66,6.5,9.9,0.658,2.8,7.2,10.0,5.6,0.9,0.7,3.3,2.6,28.0,
8,9.0,Kawhi Leonard,34.0,LAC,SF,36.0,36.0,32.9,9.7,19.4,0.497,2.8,7.0,0.391,6.9,12.4,0.557,0.568,5.6,6.1,0.913,1.0,5.1,6.1,3.6,2.1,0.6,2.1,1.3,27.6,
9,10.0,Lauri Markkanen,28.0,UTA,PF,37.0,37.0,35.5,9.3,19.5,0.477,2.8,7.9,0.357,6.5,11.6,0.558,0.549,6.0,6.7,0.888,1.9,5.1,7.0,2.2,1.0,0.5,1.5,1.8,27.4,
10,11.0,Stephen Curry,37.0,GSW,PG,39.0,39.0,31.3,8.9,19.1,0.468,4.5,11.5,0.391,4.4,7.6,0.584,0.585,4.9,5.2,0.931,0.4,3.1,3.5,4.8,1.1,0.4,2.8,1.9,27.2,
11,12.0,Jalen Brunson,29.0,NYK,PG,45.0,45.0,34.3,9.6,20.4,0.471,2.9,7.7,0.38,6.7,12.8,0.526,0.542,4.9,5.8,0.853,0.5,2.7,3.2,6.0,0.7,0.1,2.2,2.4,27.1,
12,13.0,Kevin Durant,37.0,HOU,SF,45.0,45.0,36.8,9.2,18.1,0.51,2.3,5.8,0.405,6.9,12.4,0.559,0.575,5.4,6.0,0.886,0.5,4.9,5.4,4.6,0.7,0.9,3.0,2.1,26.2,
13,14.0,Joel Embiid,31.0,PHI,C,29.0,29.0,31.0,8.8,18.1,0.488,1.2,3.9,0.301,7.7,14.2,0.539,0.52,7.3,8.5,0.854,2.2,5.3,7.4,3.8,0.7,1.1,3.0,2.1,26.1,
14,15.0,Austin Reaves,27.0,LAL,SG,24.0,22.0,34.7,8.0,15.9,0.503,2.6,7.3,0.36,5.4,8.6,0.623,0.585,7.5,8.6,0.87,0.7,4.5,5.2,6.0,1.0,0.2,3.2,2.3,26.1,
15,16.0,Jamal Murray,28.0,DEN,PG,46.0,46.0,35.5,9.0,18.5,0.487,3.2,7.3,0.441,5.8,11.2,0.518,0.575,4.3,4.9,0.881,0.4,3.9,4.3,7.5,1.0,0.4,2.3,1.5,25.6,
16,17.0,Deni Avdija,25.0,POR,SF,44.0,44.0,34.6,7.8,16.7,0.467,2.3,6.4,0.356,5.5,10.3,0.535,0.535,7.6,9.5,0.8,1.1,6.1,7.2,6.7,0.8,0.6,3.9,2.7,25.5,
17,18.0,Michael Porter Jr.,27.0,BRK,SF,39.0,39.0,33.1,9.0,18.8,0.48,3.7,9.6,0.389,5.3,9.3,0.573,0.578,3.7,4.4,0.847,1.3,6.0,7.3,3.2,1.1,0.3,2.5,2.1,25.5,
18,19.0,Devin Booker,29.0,PHO,SG,41.0,41.0,34.0,8.4,18.4,0.456,1.7,5.5,0.313,6.7,12.9,0.517,0.503,7.0,8.0,0.864,0.8,3.2,4.0,6.2,0.9,0.3,3.3,2.6,25.4,
19,20.0,James Harden,36.0,LAC,PG,44.0,44.0,35.4,7.3,17.5,0.419,3.1,8.8,0.347,4.3,8.7,0.492,0.506,7.7,8.5,0.901,0.6,4.2,4.8,8.1,1.3,0.4,3.7,1.9,25.4,
20,21.0,Cade Cunningham,24.0,DET,PG,43.0,43.0,35.2,8.9,19.3,0.46,1.9,5.8,0.324,7.0,13.4,0.519,0.509,5.7,7.1,0.809,1.0,4.5,5.5,9.8,1.5,0.9,3.7,3.2,25.3,
21,22.0,Keyonte George,22.0,UTA,PG,47.0,47.0,34.4,7.6,16.5,0.459,2.6,6.8,0.377,5.0,9.8,0.516,0.537,6.4,7.2,0.893,0.5,3.5,4.0,6.6,1.1,0.3,3.3,2.4,24.2,
22,23.0,Victor Wembanyama,22.0,SAS,C,35.0,26.0,28.9,8.3,16.4,0.504,1.7,4.8,0.355,6.5,11.5,0.567,0.557,5.9,7.1,0.827,1.9,9.1,11.0,2.7,0.9,2.7,2.7,2.8,24.1,
23,24.0,Pascal Siakam,31.0,IND,PF,48.0,48.0,33.9,9.0,18.5,0.485,1.8,4.8,0.381,7.1,13.7,0.521,0.534,4.1,5.9,0.69,1.6,5.2,6.8,4.0,1.1,0.5,2.2,2.5,23.8,
24,25.0,Jalen Johnson,24.0,ATL,SF,47.0,47.0,35.6,8.6,17.2,0.502,1.7,4.7,0.362,6.9,12.5,0.554,0.551,4.3,5.5,0.775,1.6,9.0,10.5,8.0,1.3,0.5,3.5,2.1,23.2,
25,26.0,Norman Powell,32.0,MIA,SG,43.0,43.0,30.7,7.7,16.3,0.472,2.8,7.2,0.392,4.9,9.1,0.536,0.559,4.8,5.7,0.844,0.3,3.3,3.7,2.6,1.2,0.2,2.0,2.2,23.0,
26,27.0,Julius Randle,31.0,MIN,PF,51.0,51.0,33.4,7.7,15.7,0.491,1.6,4.7,0.331,6.2,11.0,0.56,0.54,5.2,6.3,0.824,1.6,5.3,6.9,5.4,1.2,0.2,2.6,2.8,22.2,
27,28.0,Franz Wagner,24.0,ORL,SF,26.0,26.0,32.8,7.6,15.8,0.482,1.5,4.1,0.368,6.1,11.7,0.521,0.529,5.5,6.6,0.826,1.6,4.5,6.1,3.6,1.1,0.3,1.8,2.3,22.2,
28,29.0,LeBron James,41.0,LAL,SF,32.0,32.0,33.0,8.2,16.2,0.509,1.5,4.6,0.322,6.8,11.6,0.582,0.554,4.1,5.6,0.736,0.7,5.0,5.7,6.6,1.2,0.6,2.8,1.4,22.0,
29,30.0,Tyler Herro,26.0,MIA,SG,11.0,10.0,31.7,8.2,16.5,0.497,2.2,6.1,0.358,6.0,10.4,0.579,0.564,3.4,3.7,0.902,0.5,4.2,4.7,2.7,1.0,0.5,1.5,2.0,21.9,
30,31.0,Brandon Ingram,28.0,TOR,SF,49.0,49.0,34.1,8.1,17.3,0.47,1.8,5.0,0.358,6.3,12.3,0.515,0.521,3.9,4.6,0.836,0.8,5.0,5.9,3.7,0.8,0.8,2.6,1.9,21.9,
31,32.0,Shaedon Sharpe,22.0,POR,SG,47.0,41.0,30.3,8.2,18.0,0.457,2.1,6.3,0.341,6.1,11.7,0.519,0.517,3.2,4.1,0.781,1.0,3.4,4.5,2.6,1.4,0.1,3.0,2.0,21.8,
32,33.0,Paolo Banchero,23.0,ORL,PF,39.0,39.0,34.4,7.2,15.7,0.459,1.1,3.7,0.301,6.1,12.1,0.507,0.494,6.1,7.9,0.766,1.2,7.5,8.6,4.8,0.7,0.6,2.8,2.0,21.6,
33,34.0,Trey Murphy III,25.0,NOP,SF,48.0,48.0,35.8,7.6,16.1,0.471,3.0,8.3,0.36,4.6,7.9,0.587,0.563,3.5,3.9,0.892,1.1,4.8,5.8,3.6,1.5,0.3,1.8,2.1,21.6,
34,35.0,Alperen Şengün,23.0,HOU,C,41.0,41.0,34.1,8.3,16.6,0.501,0.6,2.0,0.293,7.7,14.6,0.529,0.518,4.2,6.1,0.687,3.2,6.2,9.4,6.3,1.4,1.0,3.3,3.3,21.4,
35,36.0,Zion Williamson,25.0,NOP,PF,36.0,29.0,29.4,7.9,13.7,0.577,0.0,0.1,0.0,7.9,13.6,0.58,0.577,5.6,8.0,0.701,2.4,3.9,6.3,3.4,1.0,0.7,2.3,2.3,21.4,
36,37.0,Dillon Brooks,30.0,PHO,SF,45.0,45.0,31.0,7.6,17.2,0.44,2.4,6.8,0.358,5.1,10.3,0.495,0.512,3.4,3.9,0.858,0.7,2.9,3.6,1.8,1.1,0.2,1.8,3.4,20.9,
37,38.0,Brandon Miller,23.0,CHO,SF,34.0,34.0,30.3,7.1,16.6,0.431,2.9,8.0,0.366,4.2,8.6,0.491,0.52,3.4,3.9,0.879,1.1,3.6,4.7,3.4,1.0,0.9,2.5,2.6,20.6,
38,39.0,Anthony Davis,32.0,DAL,PF,20.0,20.0,31.3,8.5,16.7,0.506,0.5,1.9,0.27,8.0,14.9,0.535,0.521,3.0,4.1,0.728,3.1,8.0,11.1,2.8,1.1,1.7,2.1,2.1,20.4,
39,40.0,Nickeil Alexander-Walker,27.0,ATL,SG,50.0,43.0,33.0,6.9,15.8,0.438,3.1,8.3,0.38,3.8,7.5,0.501,0.537,3.4,3.8,0.875,0.6,2.9,3.5,3.5,1.1,0.6,2.0,2.1,20.3,
40,41.0,Cooper Flagg,19.0,DAL,SF,46.0,46.0,34.1,7.7,15.9,0.484,1.0,3.5,0.294,6.7,12.3,0.539,0.517,3.7,4.6,0.802,1.2,5.5,6.7,4.2,1.2,0.8,2.2,2.2,20.1,
41,42.0,Jimmy Butler,36.0,GSW,SF,38.0,38.0,31.1,6.3,12.2,0.519,0.8,2.2,0.376,5.5,9.9,0.552,0.554,6.5,7.6,0.864,2.3,3.2,5.6,4.9,1.4,0.2,1.6,1.2,20.0,
42,43.0,De'Aaron Fox,28.0,SAS,PG,40.0,40.0,32.5,7.3,15.3,0.479,2.1,5.9,0.353,5.3,9.4,0.557,0.547,3.1,3.9,0.788,0.6,3.4,4.1,6.2,1.2,0.3,2.5,2.3,19.8,
43,44.0,Zach LaVine,30.0,SAC,SG,37.0,35.0,32.0,6.9,14.4,0.483,2.6,6.7,0.395,4.3,7.7,0.56,0.575,3.2,3.7,0.875,0.2,2.6,2.8,2.3,0.7,0.2,2.0,2.1,19.8,
44,45.0,Karl-Anthony Towns,30.0,NYK,C,47.0,47.0,31.5,6.5,14.1,0.461,1.6,4.5,0.357,4.9,9.6,0.51,0.518,5.2,6.1,0.851,3.1,8.8,11.9,2.9,0.9,0.6,2.5,3.4,19.8,
45,46.0,Ty Jerome,28.0,MEM,SG,2.0,2.0,20.0,6.0,11.0,0.545,2.0,6.0,0.333,4.0,5.0,0.8,0.636,5.5,6.5,0.846,1.0,2.5,3.5,7.0,1.0,0.0,2.5,2.5,19.5,
46,47.0,Ja Morant,26.0,MEM,PG,20.0,20.0,28.5,6.6,16.1,0.41,1.0,4.3,0.235,5.6,11.9,0.473,0.441,5.3,5.9,0.897,0.4,2.9,3.3,8.1,1.0,0.3,3.6,2.0,19.5,
47,48.0,Scottie Barnes,24.0,TOR,PF,50.0,50.0,34.5,7.5,15.0,0.499,1.0,3.1,0.306,6.5,11.9,0.551,0.531,3.4,4.1,0.816,2.2,6.2,8.3,5.5,1.3,1.6,2.7,2.9,19.3,
48,49.0,Trae Young,27.0,ATL,PG,10.0,10.0,28.0,5.6,13.5,0.415,1.8,5.9,0.305,3.8,7.6,0.5,0.481,6.3,7.3,0.863,0.0,1.5,1.5,8.9,1.0,0.1,2.6,2.0,19.3,
49,50.0,Desmond Bane,27.0,ORL,SG,49.0,49.0,34.0,7.0,15.1,0.464,1.8,5.0,0.362,5.2,10.1,0.515,0.524,3.3,3.5,0.936,1.3,3.0,4.3,4.3,0.8,0.5,2.1,3.1,19.2,
50,51.0,DeMar DeRozan,36.0,SAC,PF,51.0,51.0,33.1,6.8,13.5,0.506,0.7,2.1,0.343,6.1,11.4,0.536,0.533,4.8,5.6,0.866,0.5,2.7,3.2,3.9,1.2,0.2,1.2,2.1,19.2,
51,52.0,Jaren Jackson Jr.,26.0,MEM,C,45.0,45.0,30.7,7.1,14.9,0.475,1.8,4.9,0.359,5.3,10.0,0.531,0.534,3.3,4.2,0.797,0.9,4.8,5.8,1.9,1.0,1.5,2.2,3.8,19.2,
52,53.0,LaMelo Ball,24.0,CHO,PG,41.0,38.0,27.4,6.7,16.6,0.406,3.3,9.2,0.363,3.4,7.4,0.459,0.507,2.3,2.6,0.888,0.9,4.0,4.9,7.5,1.1,0.2,3.1,2.6,19.1,
53,54.0,RJ Barrett,25.0,TOR,SF,28.0,28.0,29.4,6.9,14.3,0.484,1.8,5.3,0.333,5.1,9.0,0.571,0.545,3.3,4.6,0.705,0.9,4.3,5.2,3.6,0.8,0.2,1.6,2.4,18.8,
54,55.0,CJ McCollum,34.0,2TM,PG,47.0,36.0,30.0,7.0,15.2,0.458,2.6,6.8,0.389,4.3,8.4,0.514,0.545,2.2,2.8,0.767,0.7,2.9,3.5,3.5,0.7,0.3,1.7,2.0,18.8,
55,55.0,CJ McCollum,34.0,WAS,SG,35.0,35.0,30.9,6.9,15.1,0.454,2.7,7.0,0.393,4.1,8.1,0.505,0.544,2.3,2.9,0.804,0.7,2.9,3.5,3.6,0.7,0.3,1.7,2.1,18.8,
56,55.0,CJ McCollum,34.0,ATL,PG,12.0,1.0,27.5,7.3,15.6,0.471,2.3,6.3,0.373,5.0,9.3,0.536,0.545,1.7,2.6,0.645,0.8,2.8,3.5,3.3,0.8,0.5,1.8,1.7,18.7,
57,56.0,Jerami Grant,31.0,POR,PF,35.0,16.0,29.0,5.6,13.0,0.432,2.2,6.0,0.368,3.4,7.0,0.486,0.517,5.3,6.4,0.83,0.9,2.6,3.5,2.5,0.7,0.7,2.1,2.7,18.7,
58,57.0,Kon Knueppel,20.0,CHO,SF,50.0,49.0,32.0,6.5,13.4,0.482,3.3,7.8,0.425,3.1,5.6,0.563,0.606,2.5,2.8,0.892,1.2,4.3,5.5,3.6,0.7,0.2,2.2,2.2,18.7,
59,58.0,Josh Giddey,23.0,CHI,PG,34.0,31.0,32.1,6.4,13.8,0.462,1.7,4.7,0.366,4.6,9.1,0.511,0.524,4.1,5.2,0.775,1.2,7.4,8.6,8.8,0.9,0.3,3.5,1.6,18.6,
60,59.0,Coby White,25.0,CHI,SG,29.0,26.0,29.1,5.9,13.6,0.438,2.5,7.2,0.346,3.4,6.4,0.541,0.529,4.3,5.3,0.805,0.2,3.5,3.7,4.7,0.7,0.1,3.0,2.4,18.6,
61,60.0,Miles Bridges,27.0,CHO,PF,50.0,50.0,32.4,6.5,14.6,0.447,2.2,6.5,0.33,4.4,8.1,0.541,0.521,3.1,3.7,0.836,1.0,5.1,6.1,3.5,0.5,0.5,1.4,1.9,18.3,
62,61.0,Bam Adebayo,28.0,MIA,C,44.0,44.0,31.1,6.5,14.5,0.444,1.6,4.7,0.346,4.8,9.9,0.49,0.499,3.6,4.5,0.794,2.1,7.8,9.9,2.8,1.0,0.7,1.8,1.6,18.1,
63,62.0,Amen Thompson,23.0,HOU,PG,48.0,48.0,37.5,7.0,13.9,0.505,0.3,1.7,0.193,6.7,12.1,0.549,0.517,3.8,4.8,0.791,2.9,4.9,7.8,5.5,1.5,0.6,2.5,2.2,18.1,
64,63.0,Jalen Duren,22.0,DET,C,42.0,42.0,28.2,7.0,11.1,0.634,0.0,0.0,,7.0,11.1,0.634,0.634,4.0,5.4,0.731,3.8,6.9,10.7,1.8,0.9,0.8,1.9,2.9,18.0,
65,64.0,Darius Garland,26.0,CLE,PG,26.0,26.0,30.5,6.5,14.5,0.451,2.3,6.3,0.36,4.3,8.2,0.521,0.529,2.6,3.0,0.861,0.5,2.0,2.4,6.9,0.8,0.1,2.8,1.8,18.0,
66,65.0,Evan Mobley,24.0,CLE,PF,42.0,40.0,33.4,6.9,13.5,0.512,1.1,3.8,0.304,5.8,9.8,0.593,0.555,2.9,4.6,0.635,2.3,6.5,8.8,4.0,0.9,2.0,2.1,2.5,17.9,
67,66.0,Bennedict Mathurin,23.0,IND,SF,28.0,24.0,31.8,5.5,12.8,0.433,2.1,5.6,0.372,3.5,7.2,0.48,0.514,4.6,5.2,0.884,0.8,4.6,5.4,2.3,0.6,0.1,2.3,2.7,17.8,
68,67.0,Aaron Gordon,30.0,DEN,PF,23.0,20.0,27.9,6.0,11.9,0.509,1.8,4.6,0.4,4.2,7.3,0.577,0.586,3.7,4.7,0.789,1.3,4.9,6.2,2.5,0.7,0.2,1.0,1.7,17.7,
69,68.0,Chet Holmgren,23.0,OKC,PF,45.0,45.0,29.2,6.6,11.7,0.566,1.3,3.7,0.358,5.3,8.1,0.661,0.622,3.1,4.0,0.772,1.8,6.8,8.6,1.6,0.5,2.0,1.6,2.5,17.7,
70,69.0,Alex Sarr,20.0,WAS,C,39.0,39.0,28.5,7.0,14.2,0.496,1.0,2.9,0.333,6.1,11.2,0.539,0.531,2.4,3.4,0.707,2.4,5.3,7.7,2.8,0.8,2.1,1.7,2.0,17.4,
71,70.0,Andrew Nembhard,26.0,IND,PG,40.0,40.0,32.1,6.1,13.6,0.448,1.9,5.1,0.368,4.2,8.5,0.496,0.517,3.3,4.1,0.805,0.5,2.5,3.0,7.5,0.9,0.2,2.4,2.3,17.3,
72,71.0,Kristaps Porziņģis,30.0,ATL,C,17.0,12.0,24.3,5.6,12.4,0.457,1.8,5.1,0.36,3.8,7.3,0.524,0.531,4.0,4.8,0.84,1.2,3.9,5.1,2.7,0.5,1.3,0.9,3.2,17.1,
73,72.0,Derrick White,31.0,BOS,SG,48.0,48.0,34.1,5.9,15.2,0.39,2.8,8.7,0.32,3.1,6.4,0.485,0.482,2.4,2.7,0.893,1.1,3.5,4.5,5.5,1.2,1.4,1.9,1.6,17.1,
74,73.0,Grayson Allen,30.0,PHO,SG,34.0,25.0,30.2,5.6,13.4,0.419,3.3,8.9,0.368,2.3,4.4,0.52,0.542,2.4,2.9,0.838,0.7,2.3,3.0,4.0,1.4,0.3,1.6,2.3,16.9,
75,74.0,Payton Pritchard,28.0,BOS,PG,49.0,48.0,32.6,6.4,13.9,0.46,2.5,7.2,0.349,3.9,6.7,0.579,0.551,1.6,1.9,0.859,0.9,3.4,4.3,5.3,0.7,0.1,1.1,1.4,16.9,
76,75.0,Nikola Vučević,35.0,CHI,C,48.0,48.0,30.8,6.9,13.8,0.505,1.7,4.5,0.376,5.2,9.2,0.568,0.567,1.3,1.5,0.838,2.1,6.9,9.0,3.8,0.7,0.6,1.4,2.0,16.9,
77,76.0,Kevin Porter Jr.,25.0,MIL,PG,23.0,22.0,33.6,5.8,13.0,0.443,1.7,4.6,0.358,4.1,8.4,0.49,0.507,3.6,4.2,0.845,0.7,4.3,5.0,7.4,2.1,0.4,3.3,2.1,16.8,
78,77.0,Immanuel Quickley,26.0,TOR,PG,48.0,48.0,32.5,5.8,13.3,0.439,2.6,6.9,0.37,3.3,6.4,0.513,0.535,2.6,3.2,0.805,0.6,3.9,4.5,6.1,1.3,0.1,1.7,2.1,16.8,
79,78.0,Jalen Williams,24.0,OKC,SG,24.0,24.0,29.6,6.6,14.0,0.47,0.8,2.5,0.3,5.8,11.5,0.507,0.497,2.9,3.5,0.833,0.7,4.1,4.8,5.6,1.3,0.4,2.0,2.1,16.8,
80,79.0,Stephon Castle,21.0,SAS,PG,39.0,39.0,31.1,5.5,12.3,0.451,1.1,3.8,0.284,4.5,8.5,0.526,0.495,4.4,6.1,0.72,1.2,3.8,5.0,7.0,1.3,0.3,3.4,3.4,16.6,
81,80.0,Ryan Rollins,23.0,MIL,PG,48.0,43.0,31.8,6.4,13.7,0.464,2.4,5.8,0.409,4.0,8.0,0.503,0.549,1.5,2.0,0.755,0.9,3.7,4.6,5.6,1.5,0.4,2.3,2.7,16.6,
82,81.0,OG Anunoby,28.0,NYK,PF,40.0,40.0,32.6,5.8,12.1,0.481,2.0,5.5,0.367,3.8,6.5,0.579,0.565,2.9,3.6,0.797,1.4,4.0,5.4,2.3,1.8,0.7,2.1,2.5,16.5,
83,82.0,Saddiq Bey,26.0,NOP,SF,45.0,37.0,30.3,5.6,12.6,0.446,1.8,5.2,0.343,3.8,7.3,0.52,0.518,3.3,3.9,0.836,1.7,4.1,5.8,2.4,1.0,0.0,0.6,1.1,16.3,
84,83.0,Onyeka Okongwu,25.0,ATL,C,47.0,36.0,32.0,6.1,12.6,0.482,2.0,5.4,0.367,4.1,7.1,0.57,0.562,2.1,2.7,0.781,1.9,6.0,7.9,3.3,1.2,1.0,2.0,3.5,16.3,
85,84.0,Paul George,35.0,PHI,PF,27.0,27.0,30.5,5.6,13.1,0.424,2.4,6.4,0.382,3.1,6.7,0.464,0.517,2.4,2.8,0.855,0.5,4.6,5.1,3.7,1.5,0.5,1.6,2.2,16.0,
86,85.0,Mikal Bridges,29.0,NYK,SF,50.0,50.0,34.3,6.4,12.6,0.505,2.2,5.6,0.394,4.2,7.0,0.593,0.592,1.0,1.2,0.814,1.1,3.1,4.2,4.2,1.5,0.8,1.0,1.9,15.9,
87,86.0,Anthony Black,22.0,ORL,PG,49.0,29.0,31.1,5.7,12.5,0.457,1.7,4.8,0.346,4.0,7.7,0.525,0.523,2.8,3.7,0.742,0.8,3.3,4.1,4.0,1.3,0.7,2.3,2.8,15.8,
88,87.0,Cam Thomas,24.0,BRK,SG,24.0,8.0,24.3,5.1,12.8,0.399,1.6,4.9,0.325,3.5,8.0,0.445,0.461,3.8,4.5,0.843,0.4,1.4,1.8,3.1,0.2,0.1,2.0,1.3,15.6,
89,88.0,Andrew Wiggins,30.0,MIA,SF,47.0,47.0,31.2,6.0,12.8,0.468,1.8,4.8,0.384,4.2,8.1,0.517,0.539,1.8,2.3,0.792,1.7,3.1,4.9,2.9,1.2,1.0,1.8,2.3,15.6,
90,89.0,Jaime Jaquez Jr.,24.0,MIA,SF,47.0,1.0,28.8,6.3,12.2,0.519,0.5,1.9,0.287,5.8,10.3,0.561,0.541,2.4,3.1,0.75,1.3,4.1,5.4,4.7,0.8,0.2,2.2,2.0,15.5,
91,90.0,Domantas Sabonis,29.0,SAC,C,18.0,14.0,30.0,6.1,11.3,0.542,0.3,1.5,0.185,5.8,9.8,0.597,0.554,2.9,4.1,0.712,3.2,8.0,11.2,4.2,0.9,0.2,2.8,3.5,15.4,
92,91.0,Russell Westbrook,37.0,SAC,SF,48.0,42.0,29.6,5.7,13.1,0.432,2.0,5.8,0.35,3.6,7.3,0.497,0.51,2.0,2.9,0.703,1.5,4.5,6.0,6.7,1.4,0.2,3.4,2.6,15.4,
93,92.0,Kyshawn George,22.0,WAS,SF,40.0,40.0,30.9,5.6,12.5,0.445,2.1,5.7,0.376,3.4,6.8,0.502,0.53,2.1,2.7,0.783,1.0,4.7,5.6,5.0,1.1,0.9,2.9,3.9,15.3,
94,93.0,Jaden McDaniels,25.0,MIN,PF,49.0,49.0,32.2,5.7,11.0,0.519,1.6,3.5,0.456,4.1,7.6,0.549,0.591,2.1,2.5,0.851,1.2,3.2,4.4,2.9,1.0,0.9,1.8,3.4,15.2,
95,94.0,VJ Edgecombe,20.0,PHI,SG,46.0,46.0,35.6,5.6,13.1,0.427,2.1,5.7,0.36,3.5,7.4,0.479,0.506,1.8,2.4,0.771,1.6,3.7,5.3,4.3,1.5,0.5,1.8,3.1,15.1,
96,95.0,Jabari Smith Jr.,22.0,HOU,PF,47.0,47.0,34.9,5.4,12.6,0.433,2.2,6.3,0.354,3.2,6.3,0.512,0.521,2.0,2.6,0.764,1.6,5.3,6.9,1.9,0.8,1.0,1.3,2.6,15.1,
97,96.0,Ayo Dosunmu,26.0,CHI,SG,45.0,10.0,26.4,5.6,10.8,0.514,1.9,4.3,0.451,3.6,6.5,0.556,0.604,2.0,2.3,0.857,0.7,2.3,3.0,3.6,0.8,0.3,1.4,1.7,15.0,
98,97.0,Peyton Watson,23.0,DEN,SF,48.0,38.0,30.6,5.4,10.8,0.501,1.5,3.6,0.425,3.9,7.2,0.539,0.572,2.6,3.6,0.73,0.9,4.0,4.9,2.0,1.0,1.2,1.8,2.5,15.0,
99,98.0,Matas Buzelis,21.0,CHI,PF,51.0,51.0,28.2,5.4,11.4,0.473,2.0,5.4,0.366,3.4,5.9,0.571,0.56,2.2,2.9,0.774,1.1,4.2,5.3,2.0,0.6,1.5,1.8,2.5,14.9,
100,99.0,Keegan Murray,25.0,SAC,PF,19.0,18.0,35.9,5.8,13.6,0.429,1.3,4.8,0.272,4.5,8.8,0.515,0.477,1.6,2.0,0.789,1.6,4.5,6.1,1.5,1.2,1.6,1.2,1.9,14.6,
101,100.0,Naz Reid,26.0,MIN,C,51.0,2.0,26.4,5.5,11.5,0.473,2.5,6.4,0.393,2.9,5.1,0.573,0.582,1.2,1.5,0.756,1.2,5.2,6.4,2.5,1.0,0.9,1.6,2.5,14.6,
102,101.0,Devin Vassell,25.0,SAS,SG,36.0,34.0,31.3,5.2,12.2,0.425,2.6,6.9,0.369,2.6,5.3,0.497,0.53,1.7,2.0,0.836,0.4,3.4,3.8,2.3,0.9,0.4,0.9,1.9,14.6,
103,102.0,Naji Marshall,28.0,DAL,SF,49.0,26.0,29.3,5.3,10.1,0.529,0.9,2.9,0.3,4.5,7.2,0.62,0.572,3.0,3.9,0.772,0.9,4.1,5.0,2.9,1.0,0.1,1.4,2.0,14.5,
104,103.0,Jordan Poole,26.0,NOP,PG,28.0,6.0,25.4,4.5,12.1,0.37,2.5,7.5,0.336,1.9,4.5,0.425,0.475,3.0,3.5,0.876,0.2,1.6,1.8,3.1,0.7,0.3,1.9,2.4,14.5,
105,104.0,Jrue Holiday,35.0,POR,PG,22.0,20.0,28.2,5.4,12.5,0.433,2.2,6.3,0.348,3.2,6.2,0.518,0.52,1.4,1.8,0.769,1.4,3.1,4.5,6.6,1.4,0.1,2.6,1.6,14.4,
106,105.0,Walker Kessler,24.0,UTA,C,5.0,5.0,30.8,5.2,7.4,0.703,1.2,1.6,0.75,4.0,5.8,0.69,0.784,2.8,4.0,0.7,4.6,6.2,10.8,3.0,1.4,1.8,3.2,4.4,14.4,
107,106.0,Ivica Zubac,28.0,LAC,C,43.0,42.0,30.9,6.1,10.0,0.613,0.0,0.0,,6.1,10.0,0.613,0.613,2.2,3.1,0.705,3.4,7.6,11.0,2.2,0.4,0.8,1.9,2.4,14.4,
108,107.0,Jalen Suggs,24.0,ORL,PG,29.0,29.0,26.0,5.0,11.3,0.444,1.9,5.9,0.316,3.2,5.4,0.582,0.526,2.3,2.7,0.861,0.7,3.1,3.8,5.0,1.7,0.5,2.6,2.9,14.3,
109,108.0,Kelly Oubre Jr.,30.0,PHI,SF,28.0,23.0,32.2,5.2,10.7,0.487,1.9,4.9,0.377,3.4,5.8,0.58,0.573,1.9,2.6,0.73,0.9,3.8,4.6,1.5,1.1,0.6,1.3,2.5,14.2,
110,109.0,Collin Sexton,27.0,CHO,SG,42.0,12.0,22.3,4.8,9.9,0.488,1.4,3.5,0.393,3.5,6.4,0.539,0.557,3.2,3.7,0.877,0.4,1.5,1.9,3.7,0.9,0.2,2.1,1.8,14.2,
111,110.0,Anfernee Simons,26.0,BOS,SG,49.0,0.0,24.5,5.1,11.6,0.44,2.7,6.7,0.395,2.4,4.9,0.502,0.555,1.3,1.5,0.889,0.5,1.9,2.4,2.4,0.6,0.1,1.1,1.7,14.2,
112,111.0,P.J. Washington,27.0,DAL,PF,36.0,34.0,30.9,5.4,12.1,0.447,1.2,4.0,0.301,4.2,8.1,0.519,0.497,2.1,3.2,0.664,1.5,5.7,7.2,1.9,1.0,1.4,2.1,2.3,14.2,
113,112.0,Ajay Mitchell,23.0,OKC,SG,43.0,9.0,26.3,5.2,10.6,0.487,1.1,3.2,0.35,4.0,7.4,0.545,0.539,2.7,3.0,0.87,0.7,2.8,3.5,3.7,1.4,0.3,1.6,2.2,14.1,
114,113.0,Santi Aldama,25.0,MEM,PF,42.0,10.0,28.0,5.3,11.1,0.481,1.6,4.6,0.351,3.7,6.5,0.574,0.554,1.8,2.6,0.673,1.6,5.1,6.7,3.0,0.9,0.7,1.3,1.6,14.0,
115,114.0,Jarrett Allen,27.0,CLE,C,39.0,39.0,27.1,5.5,9.1,0.605,0.0,0.2,0.111,5.5,8.8,0.617,0.606,3.0,4.0,0.755,2.3,5.7,8.0,2.0,1.0,0.9,1.4,1.8,14.0,
116,115.0,De'Andre Hunter,28.0,CLE,SF,43.0,23.0,26.2,4.7,11.2,0.423,1.7,5.5,0.308,3.0,5.7,0.535,0.499,2.8,3.2,0.869,0.7,3.6,4.2,2.1,0.7,0.1,1.7,2.5,14.0,
117,116.0,Obi Toppin,27.0,IND,PF,3.0,0.0,27.3,5.0,12.0,0.417,1.0,5.7,0.176,4.0,6.3,0.632,0.458,3.0,3.0,1.0,1.0,5.7,6.7,1.7,1.0,0.0,2.0,2.3,14.0,
118,117.0,Jaylon Tyson,23.0,CLE,SG,46.0,31.0,27.9,5.3,10.3,0.516,2.1,4.5,0.473,3.2,5.9,0.548,0.618,1.2,1.6,0.767,2.0,3.5,5.5,2.4,0.9,0.4,1.5,2.7,14.0,
119,118.0,Aaron Nesmith,26.0,IND,SF,29.0,26.0,30.7,4.6,12.0,0.386,2.5,6.7,0.371,2.1,5.3,0.405,0.49,2.2,2.7,0.81,1.4,3.5,4.9,2.3,0.6,0.6,1.4,2.7,13.9,
120,119.0,Cedric Coward,22.0,MEM,SG,45.0,32.0,26.7,5.0,10.7,0.467,1.6,4.5,0.345,3.4,6.2,0.556,0.539,2.2,2.6,0.849,1.4,4.8,6.2,2.9,0.5,0.4,1.8,2.0,13.8,
121,120.0,Collin Gillespie,26.0,PHO,PG,50.0,31.0,28.3,4.8,10.8,0.445,3.1,7.1,0.435,1.7,3.7,0.464,0.589,1.1,1.3,0.846,1.0,3.1,4.1,4.7,1.4,0.2,1.7,1.5,13.8,
122,121.0,Tim Hardaway Jr.,33.0,DEN,SG,50.0,5.0,27.2,4.5,10.1,0.441,2.8,7.0,0.402,1.6,3.1,0.529,0.58,2.0,2.3,0.886,0.2,2.4,2.6,1.4,0.5,0.2,0.5,1.2,13.8,
123,122.0,Zach Edey,23.0,MEM,C,11.0,11.0,25.8,5.6,8.9,0.633,0.1,0.5,0.2,5.5,8.5,0.656,0.638,2.3,2.9,0.781,3.9,7.2,11.1,1.1,0.6,1.9,2.4,3.4,13.6,
124,123.0,Sam Merrill,29.0,CLE,SG,27.0,18.0,25.6,4.4,9.4,0.471,3.5,7.6,0.459,1.0,1.9,0.52,0.655,1.2,1.4,0.868,0.7,1.6,2.3,2.4,0.6,0.1,0.9,2.7,13.6,
125,124.0,Deandre Ayton,27.0,LAL,C,44.0,44.0,28.4,6.2,9.1,0.674,0.0,0.0,,6.2,9.1,0.674,0.674,1.2,1.8,0.662,2.5,5.9,8.5,0.9,0.7,1.0,1.4,2.3,13.5,
126,125.0,John Collins,28.0,LAC,PF,46.0,37.0,27.6,5.2,9.4,0.557,1.5,3.4,0.429,3.8,6.0,0.629,0.635,1.6,2.1,0.771,1.4,3.6,5.0,1.0,0.8,0.8,1.3,2.7,13.5,
127,126.0,Tobias Harris,33.0,DET,PF,34.0,34.0,27.7,4.9,10.6,0.459,1.4,3.9,0.353,3.5,6.7,0.52,0.523,2.4,2.7,0.879,0.9,3.7,4.6,2.5,0.9,0.2,1.1,1.9,13.5,
128,127.0,Donte DiVincenzo,29.0,MIN,SG,51.0,51.0,31.5,4.5,10.8,0.419,3.2,8.1,0.388,1.4,2.6,0.515,0.566,1.2,1.5,0.759,1.1,3.5,4.5,4.2,1.4,0.5,1.5,2.5,13.4,
129,128.0,Keldon Johnson,26.0,SAS,SF,49.0,0.0,24.0,5.1,9.2,0.55,1.2,3.1,0.388,3.9,6.1,0.632,0.615,2.1,2.7,0.785,1.8,4.1,6.0,1.4,0.7,0.1,0.9,2.0,13.4,
130,129.0,Jeremiah Fears,19.0,NOP,PG,52.0,44.0,25.5,5.1,11.8,0.43,1.0,3.2,0.319,4.0,8.6,0.472,0.474,2.2,2.7,0.814,0.8,2.9,3.6,2.9,1.3,0.3,2.2,1.8,13.3,
131,130.0,Kyle Kuzma,30.0,MIL,PF,46.0,22.0,26.8,5.0,10.2,0.49,1.0,3.0,0.328,4.0,7.2,0.558,0.539,2.2,3.1,0.725,0.9,4.0,4.9,2.5,0.7,0.5,1.5,2.1,13.2,
132,131.0,Bobby Portis,30.0,MIL,PF,47.0,9.0,24.5,5.3,11.0,0.482,1.9,4.2,0.452,3.4,6.9,0.5,0.567,0.7,1.0,0.711,1.3,5.4,6.7,1.7,0.6,0.2,1.0,1.7,13.2,
133,132.0,Max Christie,22.0,DAL,SG,46.0,37.0,29.5,4.5,9.6,0.466,2.5,5.8,0.434,1.9,3.8,0.514,0.598,1.7,1.9,0.864,0.2,3.2,3.4,2.2,0.5,0.3,1.1,1.4,13.1,
134,133.0,Noah Clowney,21.0,BRK,PF,44.0,38.0,28.6,4.0,10.2,0.389,2.0,6.5,0.315,1.9,3.7,0.518,0.489,3.0,3.7,0.802,1.0,3.3,4.3,1.9,0.8,0.8,1.8,2.7,13.0,
135,134.0,Quentin Grimes,25.0,PHI,SG,46.0,7.0,30.0,4.2,9.6,0.438,1.9,5.5,0.344,2.3,4.1,0.563,0.536,2.7,3.1,0.861,0.7,3.2,3.8,3.7,1.0,0.4,1.9,2.0,13.0,
136,135.0,Toumani Camara,25.0,POR,PF,51.0,51.0,33.7,4.6,10.7,0.429,2.5,7.1,0.353,2.1,3.6,0.582,0.547,1.2,1.7,0.705,1.7,3.6,5.3,2.6,1.0,0.5,2.0,3.2,12.9,
137,136.0,Tre Johnson,19.0,WAS,SG,39.0,21.0,25.1,4.7,10.5,0.444,2.2,5.5,0.393,2.5,5.0,0.5,0.546,1.5,1.6,0.891,0.5,2.2,2.7,2.2,0.6,0.3,1.4,1.8,12.9,
138,137.0,Miles McBride,25.0,NYK,SG,35.0,14.0,28.0,4.5,10.3,0.434,2.9,6.9,0.42,1.6,3.4,0.462,0.575,1.0,1.2,0.814,0.6,2.0,2.6,2.8,0.9,0.2,0.8,1.8,12.9,
139,138.0,Myles Turner,29.0,MIL,C,46.0,46.0,28.6,4.2,9.8,0.434,2.2,5.7,0.391,2.0,4.1,0.495,0.548,2.2,2.8,0.777,1.2,4.3,5.5,1.6,0.7,1.6,1.1,2.7,12.9,
140,139.0,Dennis Schröder,32.0,SAC,PG,40.0,14.0,26.4,4.3,10.6,0.408,1.4,4.2,0.343,2.9,6.4,0.449,0.475,2.7,3.3,0.82,0.6,2.5,3.1,5.3,0.8,0.2,2.0,1.7,12.8,
141,140.0,Reed Sheppard,21.0,HOU,SG,48.0,5.0,24.6,4.7,11.0,0.426,2.4,6.2,0.384,2.3,4.8,0.481,0.534,0.9,1.1,0.778,0.3,2.2,2.5,3.0,1.4,0.6,1.2,1.9,12.6,
142,141.0,Brandon Williams,26.0,DAL,PG,43.0,11.0,21.9,4.4,9.6,0.462,0.5,2.4,0.21,3.9,7.2,0.549,0.489,3.2,4.1,0.784,0.5,2.3,2.9,3.6,1.0,0.2,1.9,1.7,12.6,
143,142.0,Tre Jones,26.0,CHI,PG,38.0,20.0,26.8,4.4,7.9,0.55,0.6,1.7,0.328,3.8,6.3,0.609,0.584,3.1,3.6,0.848,0.6,2.3,3.0,5.8,1.3,0.2,1.4,1.4,12.4,
144,143.0,Josh Hart,30.0,NYK,SF,39.0,25.0,30.6,4.6,9.1,0.506,1.6,3.9,0.405,3.0,5.2,0.581,0.593,1.4,1.9,0.737,1.6,6.1,7.6,5.1,1.2,0.3,2.1,2.6,12.3,
145,144.0,Derik Queen,21.0,NOP,C,51.0,39.0,25.9,4.7,9.7,0.488,0.2,0.9,0.217,4.5,8.8,0.516,0.498,2.6,3.3,0.794,1.7,5.6,7.4,4.3,1.1,0.9,2.5,2.9,12.3,
146,145.0,Mark Williams,24.0,PHO,C,46.0,42.0,24.1,4.9,7.5,0.659,0.0,0.0,1.0,4.9,7.4,0.658,0.66,2.4,3.1,0.778,3.2,4.9,8.1,1.1,1.0,1.0,1.1,2.3,12.3,
147,146.0,Nic Claxton,26.0,BRK,C,47.0,46.0,29.3,5.0,8.6,0.578,0.0,0.3,0.167,4.9,8.4,0.59,0.58,2.2,3.5,0.62,2.6,4.7,7.3,4.0,0.7,1.3,1.4,2.4,12.2,
148,147.0,Malik Monk,27.0,SAC,SG,41.0,0.0,22.3,4.4,10.1,0.436,2.0,4.8,0.415,2.4,5.3,0.454,0.534,1.5,1.7,0.871,0.3,1.8,2.1,2.5,0.7,0.4,1.4,1.6,12.2,
149,148.0,Wendell Carter Jr.,26.0,ORL,C,47.0,47.0,29.8,4.3,8.6,0.501,1.2,3.4,0.346,3.1,5.1,0.606,0.571,2.3,2.9,0.781,2.2,5.1,7.3,2.1,0.7,0.7,1.2,3.6,12.1,
150,149.0,Jonathan Kuminga,23.0,GSW,PF,20.0,13.0,23.8,4.4,9.7,0.454,0.9,2.7,0.321,3.6,7.1,0.504,0.497,2.5,3.3,0.742,1.5,4.4,5.9,2.5,0.4,0.3,2.3,1.7,12.1,
151,150.0,Brandin Podziemski,22.0,GSW,SG,51.0,19.0,26.8,4.2,9.4,0.453,1.7,4.4,0.385,2.5,4.9,0.514,0.544,1.9,2.5,0.762,0.7,3.9,4.6,3.6,1.1,0.2,1.5,1.9,12.1,
152,151.0,Brice Sensabaugh,22.0,UTA,SF,48.0,9.0,21.4,4.3,9.4,0.453,1.7,5.1,0.339,2.5,4.3,0.59,0.546,1.9,2.2,0.867,0.8,2.1,2.9,1.6,0.7,0.1,1.2,1.8,12.1,
153,152.0,Tari Eason,24.0,HOU,PF,27.0,13.0,24.5,4.6,9.9,0.462,2.1,4.5,0.479,2.4,5.4,0.448,0.571,0.7,1.1,0.633,2.0,4.3,6.3,1.4,1.3,0.6,1.6,2.1,12.0,
154,153.0,Duncan Robinson,31.0,DET,SF,47.0,47.0,28.5,4.0,9.3,0.435,2.9,7.3,0.401,1.1,2.0,0.558,0.592,1.0,1.4,0.734,0.4,2.3,2.7,1.8,0.7,0.3,0.7,2.2,12.0,
155,154.0,Rui Hachimura,27.0,LAL,PF,39.0,27.0,29.6,4.6,9.2,0.501,1.8,4.1,0.431,2.8,5.1,0.558,0.597,0.9,1.2,0.723,0.7,2.8,3.5,0.9,0.5,0.3,0.8,1.6,11.9,
156,155.0,Jaylen Wells,22.0,MEM,SG,48.0,48.0,26.9,4.1,10.1,0.406,1.7,5.1,0.328,2.4,4.9,0.487,0.49,2.0,2.6,0.778,1.0,2.5,3.5,1.7,0.9,0.1,1.1,2.2,11.9,
157,156.0,Cameron Johnson,29.0,DEN,SF,28.0,28.0,30.6,4.0,8.8,0.461,1.9,4.5,0.429,2.1,4.3,0.496,0.571,1.7,2.1,0.81,0.7,2.9,3.6,2.4,0.6,0.3,1.0,2.3,11.7,
158,157.0,Cam Spencer,25.0,MEM,SG,47.0,14.0,24.1,3.8,7.9,0.478,2.2,4.9,0.459,1.6,3.0,0.51,0.62,1.9,2.0,0.927,0.5,2.2,2.7,5.6,0.7,0.1,1.5,1.5,11.7,
159,158.0,Julian Champagnie,24.0,SAS,SF,49.0,35.0,28.6,3.7,8.7,0.426,2.5,6.7,0.375,1.2,2.0,0.598,0.571,1.7,2.0,0.844,0.9,5.2,6.1,1.4,0.8,0.4,1.0,1.6,11.6,
160,159.0,Jalen Green,23.0,PHO,SG,5.0,2.0,14.0,4.0,9.2,0.435,2.2,5.2,0.423,1.8,4.0,0.45,0.554,1.4,1.8,0.778,0.4,1.8,2.2,1.8,0.6,0.0,1.4,0.8,11.6,
161,160.0,De'Anthony Melton,27.0,GSW,PG,24.0,0.0,21.3,4.2,9.8,0.427,1.3,4.5,0.287,2.9,5.3,0.548,0.494,2.0,2.4,0.81,0.6,2.3,2.9,2.3,1.5,0.5,1.6,2.4,11.6,
162,161.0,Klay Thompson,35.0,DAL,SF,46.0,8.0,22.2,4.1,10.6,0.387,2.9,7.7,0.379,1.2,2.9,0.409,0.525,0.5,0.7,0.706,0.3,2.2,2.5,1.4,0.5,0.3,0.9,1.0,11.6,
163,162.0,Dyson Daniels,22.0,ATL,SG,50.0,50.0,33.8,5.1,10.3,0.497,0.2,1.4,0.127,4.9,8.8,0.557,0.506,1.0,1.7,0.619,2.2,4.3,6.5,6.3,1.9,0.4,2.0,2.2,11.4,
164,163.0,Ace Bailey,19.0,UTA,SF,44.0,33.0,25.4,4.6,10.1,0.454,1.5,4.3,0.349,3.1,5.8,0.531,0.528,0.7,1.0,0.705,1.5,2.2,3.6,1.6,0.8,0.5,1.2,2.5,11.3,
165,164.0,Jock Landale,30.0,MEM,C,45.0,25.0,23.6,4.4,8.6,0.514,1.1,2.9,0.38,3.4,5.8,0.581,0.577,1.3,2.0,0.674,3.1,3.4,6.5,1.7,0.6,0.5,1.0,2.3,11.3,
166,165.0,Kel'el Ware,21.0,MIA,C,48.0,27.0,22.5,4.5,8.4,0.536,1.2,2.9,0.409,3.4,5.6,0.601,0.605,1.1,1.4,0.783,3.0,6.2,9.2,0.6,0.8,1.1,0.9,1.5,11.3,
167,166.0,Donovan Clingan,21.0,POR,C,47.0,47.0,27.3,4.3,8.3,0.519,0.9,3.0,0.312,3.4,5.3,0.637,0.576,1.6,2.4,0.67,4.6,6.6,11.2,2.0,0.5,1.4,1.0,2.3,11.2,
168,167.0,Sandro Mamukelashvili,26.0,TOR,C,49.0,11.0,22.5,4.2,8.0,0.527,1.3,3.6,0.374,2.9,4.4,0.65,0.61,1.5,2.0,0.75,1.5,3.6,5.1,2.0,0.7,0.6,0.9,2.0,11.2,
169,168.0,Moses Moody,23.0,GSW,SG,49.0,38.0,24.5,3.8,8.7,0.435,2.4,5.8,0.407,1.4,2.9,0.49,0.57,1.2,1.6,0.759,0.9,2.3,3.2,1.4,0.9,0.6,0.9,1.9,11.2,
170,169.0,Jusuf Nurkić,31.0,UTA,C,38.0,33.0,26.6,4.5,9.0,0.501,0.6,1.8,0.358,3.9,7.2,0.536,0.537,1.6,2.8,0.561,2.6,7.5,10.2,4.9,1.3,0.5,2.5,3.3,11.2,
171,170.0,Caleb Love,24.0,POR,SG,43.0,1.0,22.3,4.1,10.6,0.391,2.0,6.3,0.321,2.1,4.3,0.495,0.487,0.8,1.1,0.735,0.6,2.1,2.7,2.6,0.6,0.1,1.3,1.1,11.1,
172,171.0,Isaiah Hartenstein,27.0,OKC,C,27.0,26.0,26.2,4.6,7.3,0.638,0.0,0.2,0.0,4.6,7.1,0.654,0.638,1.7,2.5,0.676,3.3,6.7,10.0,3.1,1.0,0.7,2.1,2.9,11.0,
173,172.0,Zaccharie Risacher,20.0,ATL,SF,38.0,38.0,24.5,4.3,9.2,0.463,1.6,4.3,0.358,2.7,4.9,0.557,0.547,0.9,1.4,0.618,0.9,2.5,3.4,1.4,0.9,0.5,0.9,2.2,11.0,
174,173.0,Kevin Huerter,27.0,CHI,SF,44.0,11.0,23.6,4.2,9.2,0.455,1.6,5.1,0.314,2.6,4.1,0.63,0.542,0.9,1.3,0.732,0.5,3.3,3.8,2.6,0.8,0.6,1.1,1.9,10.9,
175,174.0,Rudy Gobert,33.0,MIN,C,49.0,49.0,31.3,4.4,6.2,0.703,0.0,0.0,0.0,4.4,6.2,0.707,0.703,2.0,3.9,0.5,3.8,7.5,11.3,1.7,0.7,1.7,1.3,2.7,10.7,
176,175.0,Dylan Harper,19.0,SAS,SG,39.0,0.0,21.4,4.3,9.5,0.454,0.6,2.6,0.248,3.7,6.9,0.531,0.488,1.4,1.9,0.737,0.7,2.6,3.3,3.5,0.9,0.3,1.4,1.9,10.7,
177,176.0,Ausar Thompson,23.0,DET,SF,45.0,44.0,25.6,4.3,8.5,0.512,0.1,0.4,0.3,4.2,8.0,0.524,0.52,1.8,3.1,0.576,2.1,3.8,6.0,2.7,1.8,0.8,1.4,2.8,10.6,
178,177.0,Harrison Barnes,33.0,SAS,PF,49.0,48.0,28.0,3.6,8.2,0.437,1.8,5.0,0.365,1.8,3.2,0.547,0.547,1.5,1.7,0.859,0.8,2.2,2.9,2.1,0.7,0.1,0.9,1.3,10.5,
179,178.0,Egor Dёmin,19.0,BRK,PG,43.0,36.0,24.7,3.5,8.8,0.402,2.5,6.3,0.395,1.0,2.5,0.421,0.544,1.0,1.1,0.857,0.5,2.6,3.1,3.3,0.8,0.3,1.8,1.8,10.5,
180,179.0,Pelle Larsson,24.0,MIA,SG,44.0,31.0,24.2,3.8,7.6,0.495,1.0,2.9,0.333,2.8,4.7,0.594,0.559,2.0,2.6,0.767,0.8,2.5,3.3,3.3,0.7,0.2,1.1,1.8,10.5,
181,180.0,Aaron Wiggins,27.0,OKC,SG,36.0,13.0,23.6,3.9,8.6,0.45,1.9,4.8,0.387,2.0,3.8,0.529,0.558,0.9,1.2,0.744,0.6,2.9,3.5,1.8,0.9,0.6,1.3,1.5,10.5,
182,181.0,Derrick Jones Jr.,28.0,LAC,SF,17.0,13.0,24.2,3.8,6.9,0.556,1.3,3.2,0.4,2.5,3.6,0.694,0.65,1.4,1.8,0.774,0.9,1.8,2.6,1.2,0.8,1.1,0.8,2.1,10.4,
183,182.0,Khris Middleton,34.0,WAS,SF,34.0,34.0,24.3,3.8,8.8,0.433,1.0,2.9,0.333,2.9,5.9,0.483,0.488,1.7,2.0,0.841,0.9,3.1,3.9,3.3,0.8,0.3,1.7,2.5,10.3,
184,183.0,A.J. Green,26.0,MIL,SG,44.0,44.0,29.7,3.4,7.6,0.44,3.0,6.8,0.432,0.4,0.8,0.514,0.634,0.5,0.7,0.774,0.2,2.4,2.6,2.0,0.6,0.1,0.8,2.5,10.2,
185,184.0,Royce O'Neale,32.0,PHO,SF,51.0,46.0,29.5,3.6,8.5,0.422,2.7,6.8,0.401,0.8,1.6,0.512,0.584,0.4,0.5,0.679,0.7,4.2,4.9,2.9,1.2,0.3,1.5,2.2,10.2,
186,185.0,D'Angelo Russell,29.0,DAL,PG,26.0,3.0,19.0,3.6,8.9,0.405,1.3,4.3,0.295,2.3,4.6,0.508,0.476,1.7,2.3,0.717,0.3,2.0,2.3,4.0,0.5,0.1,1.9,1.2,10.2,
187,186.0,Isaiah Stewart,24.0,DET,C,45.0,11.0,23.4,3.9,7.3,0.535,0.7,2.3,0.324,3.2,5.0,0.631,0.586,1.7,2.2,0.75,1.7,3.7,5.4,1.2,0.3,1.8,1.2,3.0,10.2,
188,187.0,Marvin Bagley III,26.0,WAS,PF,38.0,8.0,19.2,4.1,6.5,0.626,0.2,0.5,0.421,3.8,6.0,0.643,0.642,1.8,2.6,0.711,2.6,3.1,5.7,1.5,0.5,0.7,1.2,2.1,10.1,
189,188.0,Bub Carrington,20.0,WAS,PG,49.0,20.0,28.3,3.4,8.6,0.4,2.1,5.3,0.405,1.3,3.3,0.39,0.524,1.0,1.4,0.75,0.4,3.2,3.7,4.6,0.6,0.2,2.4,2.3,10.1,
190,189.0,Neemias Queta,26.0,BOS,C,47.0,46.0,25.1,4.3,6.7,0.636,0.0,0.1,0.0,4.3,6.6,0.646,0.636,1.5,2.3,0.657,2.9,5.2,8.1,1.5,0.9,1.3,1.0,2.9,10.1,
191,190.0,Jalen Smith,25.0,CHI,C,42.0,11.0,20.1,3.7,7.5,0.486,1.6,4.1,0.386,2.1,3.5,0.603,0.59,1.2,1.6,0.725,1.9,5.0,6.9,1.3,0.4,0.8,1.0,2.0,10.1,
192,191.0,Jarace Walker,22.0,IND,PF,51.0,18.0,23.7,3.5,8.7,0.398,1.6,4.4,0.365,1.9,4.3,0.432,0.49,1.6,2.1,0.778,0.5,3.9,4.3,2.0,0.8,0.3,1.6,1.6,10.1,
193,192.0,Isaiah Joe,26.0,OKC,SG,42.0,1.0,20.3,3.1,7.0,0.441,2.3,5.7,0.402,0.8,1.3,0.611,0.605,1.4,1.6,0.866,0.4,2.0,2.4,1.4,0.5,0.2,0.6,1.7,9.9,
194,193.0,Zach Collins,28.0,CHI,C,10.0,0.0,18.4,3.7,6.4,0.578,0.9,2.1,0.429,2.8,4.3,0.651,0.648,1.4,2.0,0.7,1.6,4.0,5.6,1.5,0.2,0.4,1.0,1.8,9.7,
195,194.0,Bilal Coulibaly,21.0,WAS,SG,30.0,30.0,26.3,3.2,8.0,0.394,0.9,3.3,0.263,2.3,4.7,0.486,0.448,2.5,3.3,0.765,0.9,3.6,4.6,2.5,1.4,0.9,1.4,2.6,9.7,
196,195.0,Jakob Poeltl,30.0,TOR,C,21.0,21.0,25.3,4.2,6.0,0.693,0.0,0.0,,4.2,6.0,0.693,0.693,1.3,2.2,0.596,2.7,5.0,7.7,2.1,0.8,0.5,1.6,3.1,9.7,
197,196.0,Ziaire Williams,24.0,BRK,SF,35.0,4.0,22.9,3.1,7.5,0.412,1.6,5.2,0.311,1.5,2.3,0.646,0.521,1.9,2.1,0.88,0.6,1.9,2.5,0.8,1.1,0.5,1.0,2.2,9.7,
198,197.0,Isaiah Collier,21.0,UTA,PG,43.0,8.0,24.4,3.6,7.0,0.505,0.4,1.5,0.292,3.1,5.5,0.563,0.536,2.1,3.0,0.679,0.4,2.1,2.6,7.0,0.9,0.3,2.3,2.3,9.6,
199,198.0,Jordan Miller,26.0,LAC,SF,28.0,0.0,19.3,3.3,6.1,0.544,0.8,2.1,0.379,2.5,4.0,0.628,0.608,2.1,2.7,0.789,0.9,2.4,3.3,1.5,0.8,0.2,1.1,1.0,9.6,
200,199.0,Maxime Raynaud,22.0,SAC,C,43.0,26.0,23.1,4.1,7.4,0.547,0.3,0.8,0.306,3.8,6.6,0.577,0.564,1.2,1.6,0.729,1.8,4.7,6.5,1.0,0.4,0.5,1.0,2.5,9.6,
201,200.0,Marcus Smart,31.0,LAL,SG,40.0,33.0,28.3,3.1,7.7,0.405,1.5,4.7,0.323,1.6,3.0,0.533,0.503,1.8,2.1,0.857,0.7,2.3,3.0,2.7,1.3,0.3,1.8,2.7,9.6,
202,201.0,Corey Kispert,26.0,2TM,SF,31.0,8.0,19.7,3.3,7.0,0.468,1.6,4.2,0.374,1.7,2.7,0.612,0.581,1.4,1.7,0.792,0.4,1.9,2.3,1.7,0.5,0.1,0.8,0.9,9.5,
203,201.0,Corey Kispert,26.0,WAS,SF,19.0,2.0,19.5,3.1,6.3,0.496,1.6,4.0,0.395,1.5,2.3,0.674,0.622,1.4,1.8,0.765,0.3,2.0,2.3,1.7,0.4,0.2,0.7,1.1,9.2,
204,201.0,Corey Kispert,26.0,ATL,SF,12.0,6.0,20.2,3.5,8.1,0.433,1.6,4.6,0.345,1.9,3.5,0.548,0.531,1.3,1.6,0.842,0.4,1.8,2.2,1.7,0.5,0.1,0.8,0.7,9.9,
205,202.0,Kyle Filipowski,22.0,UTA,C,50.0,17.0,22.3,3.6,7.4,0.482,0.8,2.5,0.333,2.7,4.9,0.559,0.539,1.5,2.2,0.694,1.7,4.8,6.4,2.1,0.8,0.4,1.3,2.9,9.5,
206,203.0,T.J. McConnell,33.0,IND,PG,37.0,0.0,17.1,4.4,8.4,0.526,0.3,1.0,0.324,4.1,7.4,0.553,0.545,0.4,0.4,0.933,0.5,1.8,2.2,4.8,1.2,0.2,1.2,1.2,9.5,
207,204.0,Landry Shamet,28.0,NYK,SG,25.0,6.0,20.5,3.0,6.6,0.457,2.2,4.8,0.446,0.8,1.7,0.488,0.622,1.3,1.8,0.75,0.4,1.4,1.8,1.2,0.5,0.2,0.4,1.3,9.5,
208,205.0,Jordan Clarkson,33.0,NYK,SG,46.0,0.0,19.3,3.5,8.2,0.426,1.3,3.9,0.33,2.2,4.3,0.513,0.504,1.1,1.4,0.781,0.8,1.0,1.8,1.3,0.5,0.1,1.0,1.9,9.4,
209,206.0,Jake LaRavia,24.0,LAL,PF,49.0,28.0,27.2,3.4,7.3,0.462,1.2,3.5,0.329,2.2,3.8,0.587,0.542,1.5,2.0,0.737,1.4,2.8,4.2,2.0,1.4,0.5,1.1,2.2,9.4,
210,207.0,Christian Braun,24.0,DEN,SG,15.0,15.0,28.7,3.5,7.8,0.453,0.5,2.3,0.206,3.1,5.5,0.554,0.483,1.7,2.3,0.765,1.3,2.6,3.9,2.5,0.6,0.4,1.1,2.1,9.3,
211,208.0,Herbert Jones,27.0,NOP,SF,29.0,29.0,28.5,3.4,8.7,0.398,1.4,4.3,0.32,2.1,4.3,0.476,0.478,1.0,1.2,0.806,1.0,2.6,3.6,2.5,1.6,0.5,1.2,3.2,9.3,
212,209.0,Sam Hauser,28.0,BOS,PF,49.0,21.0,23.9,3.2,7.7,0.413,2.6,6.6,0.395,0.6,1.0,0.529,0.584,0.2,0.2,0.917,0.7,3.2,3.8,1.4,0.6,0.3,0.6,1.4,9.2,
213,210.0,Jonas Valančiūnas,33.0,DEN,C,39.0,4.0,14.7,3.7,6.5,0.575,0.1,0.4,0.294,3.6,6.1,0.595,0.585,1.6,2.0,0.785,1.6,3.7,5.3,1.3,0.2,0.7,1.2,2.2,9.2,
214,211.0,Cam Whitmore,21.0,WAS,SF,21.0,0.0,16.9,3.7,8.0,0.456,0.8,2.7,0.286,2.9,5.4,0.54,0.503,1.1,1.5,0.742,0.9,1.9,2.8,0.7,0.7,0.4,0.9,1.2,9.2,
215,212.0,Davion Mitchell,27.0,MIA,PG,42.0,42.0,29.0,3.6,7.6,0.472,1.2,2.9,0.405,2.4,4.7,0.513,0.549,0.7,1.0,0.651,0.4,2.1,2.5,7.3,1.2,0.1,1.6,2.7,9.0,
216,213.0,Vit Krejci,25.0,2TM,PG,47.0,8.0,22.2,3.1,6.7,0.46,2.2,5.2,0.416,0.9,1.5,0.614,0.622,0.6,0.8,0.75,0.4,1.7,2.1,1.5,0.8,0.3,0.6,2.3,8.9,
217,213.0,Vit Krejci,25.0,ATL,PG,46.0,8.0,22.3,3.1,6.7,0.464,2.2,5.2,0.423,0.9,1.5,0.609,0.628,0.6,0.8,0.75,0.4,1.7,2.1,1.5,0.8,0.3,0.7,2.3,9.0,
218,213.0,Vit Krejci,25.0,POR,PG,1.0,0.0,14.0,2.0,7.0,0.286,1.0,6.0,0.167,1.0,1.0,1.0,0.357,0.0,0.0,,0.0,0.0,0.0,1.0,2.0,0.0,0.0,1.0,5.0,
219,214.0,Tristan Da Silva,24.0,ORL,SF,44.0,14.0,22.7,3.4,7.8,0.431,1.5,4.0,0.371,1.9,3.8,0.494,0.526,0.7,0.9,0.842,0.7,2.7,3.3,1.2,0.9,0.2,0.9,1.3,8.9,
220,215.0,Luguentz Dort,26.0,OKC,SF,41.0,41.0,27.8,3.1,7.8,0.399,2.0,5.6,0.36,1.1,2.2,0.5,0.528,0.7,0.8,0.844,0.9,3.1,4.0,1.2,0.9,0.5,0.7,3.0,8.9,
221,216.0,Jordan Goodwin,27.0,PHO,PG,48.0,3.0,21.8,3.4,8.2,0.409,1.5,4.3,0.356,1.8,3.9,0.466,0.501,0.6,0.8,0.711,1.9,2.9,4.9,2.3,1.5,0.2,1.1,1.8,8.8,
222,217.0,Svi Mykhailiuk,28.0,UTA,SF,43.0,41.0,24.0,3.3,6.9,0.47,1.7,4.5,0.385,1.5,2.4,0.631,0.596,0.5,0.6,0.92,0.7,1.8,2.5,1.9,0.5,0.1,0.8,1.3,8.8,
223,218.0,Simone Fontecchio,30.0,MIA,SF,49.0,3.0,17.3,2.8,7.0,0.403,1.8,4.9,0.368,1.0,2.1,0.485,0.532,1.2,1.4,0.803,0.8,2.5,3.3,1.6,0.4,0.2,0.8,1.5,8.7,
224,219.0,Isaac Okoro,25.0,CHI,SG,43.0,43.0,25.7,3.2,6.9,0.471,1.1,3.1,0.341,2.2,3.7,0.581,0.549,1.2,1.6,0.761,1.1,1.6,2.7,1.5,0.6,0.5,0.6,2.5,8.7,
225,220.0,Ryan Kalkbrenner,24.0,CHO,C,39.0,26.0,23.4,3.6,4.7,0.772,0.0,0.1,0.0,3.6,4.7,0.78,0.772,1.3,1.9,0.671,2.4,3.7,6.1,0.7,0.5,1.5,1.1,1.7,8.6,
226,221.0,Jay Huff,27.0,IND,C,51.0,28.0,19.5,3.2,6.7,0.469,1.4,4.3,0.323,1.8,2.4,0.732,0.573,0.8,1.0,0.824,1.0,2.8,3.8,1.3,0.5,1.9,0.8,2.4,8.5,
227,222.0,Dominick Barlow,22.0,PHI,PF,40.0,33.0,24.0,3.3,6.0,0.55,0.4,1.5,0.288,2.9,4.5,0.637,0.586,1.4,1.8,0.8,2.3,2.8,5.1,1.3,1.0,0.6,0.8,2.1,8.4,
228,223.0,Moussa Diabaté,24.0,CHO,C,47.0,21.0,25.0,3.3,5.1,0.64,0.0,0.0,1.0,3.2,5.1,0.639,0.642,1.8,2.8,0.656,3.6,4.9,8.5,1.5,0.7,1.0,0.9,2.5,8.4,
229,224.0,Draymond Green,35.0,GSW,PF,42.0,42.0,26.6,3.0,7.4,0.413,1.5,4.5,0.319,1.6,2.8,0.563,0.511,0.8,1.2,0.7,0.7,5.0,5.7,5.2,0.9,0.7,2.7,3.1,8.4,
230,225.0,Gary Trent Jr.,27.0,MIL,SG,44.0,17.0,24.1,2.8,7.5,0.378,2.0,5.6,0.363,0.8,2.0,0.419,0.512,0.7,0.9,0.795,0.1,1.0,1.2,1.5,0.6,0.1,0.6,1.4,8.4,
231,226.0,Bradley Beal,32.0,LAC,SG,6.0,6.0,20.2,3.0,8.0,0.375,1.2,3.2,0.368,1.8,4.8,0.379,0.448,1.0,1.3,0.75,0.3,0.5,0.8,1.7,0.5,0.0,1.5,2.3,8.2,
232,227.0,Jaden Ivey,23.0,DET,SG,33.0,2.0,16.8,3.0,6.7,0.45,1.3,3.4,0.372,1.7,3.2,0.533,0.545,0.9,1.2,0.789,0.6,1.6,2.2,1.6,0.5,0.4,1.1,1.3,8.2,
233,228.0,Nikola Jović,22.0,MIA,PF,40.0,1.0,18.6,2.7,7.2,0.374,1.1,3.8,0.285,1.6,3.5,0.471,0.448,1.7,2.4,0.705,0.6,3.1,3.7,2.4,0.6,0.4,1.6,1.5,8.2,
234,229.0,Day'Ron Sharpe,24.0,BRK,C,47.0,3.0,18.4,3.1,5.1,0.61,0.1,0.7,0.226,3.0,4.5,0.667,0.624,1.8,2.7,0.68,2.7,4.0,6.6,2.3,1.1,0.4,1.6,2.2,8.2,
235,230.0,Kentavious Caldwell-Pope,32.0,MEM,SG,47.0,13.0,21.0,2.9,7.0,0.407,1.1,3.4,0.317,1.8,3.6,0.494,0.485,1.3,1.5,0.913,0.4,2.1,2.4,2.8,0.8,0.2,1.2,1.1,8.1,
236,231.0,Daniel Gafford,27.0,DAL,C,34.0,24.0,21.1,3.1,4.9,0.631,0.0,0.0,,3.1,4.9,0.631,0.631,1.8,2.4,0.756,2.2,4.4,6.6,0.9,0.7,1.3,1.3,2.4,8.1,
237,232.0,Ron Holland,20.0,DET,SF,47.0,5.0,20.6,3.0,7.2,0.414,0.6,2.7,0.238,2.3,4.5,0.519,0.459,1.5,1.9,0.791,1.0,3.2,4.2,1.4,1.4,0.4,1.4,2.3,8.1,
238,233.0,GG Jackson II,21.0,MEM,PF,28.0,3.0,17.1,3.1,6.6,0.473,0.8,2.9,0.268,2.4,3.7,0.635,0.532,1.0,1.4,0.725,0.5,2.8,3.3,1.0,0.6,0.6,1.0,1.6,8.1,
239,234.0,Bogdan Bogdanović,33.0,LAC,SG,16.0,3.0,22.5,2.8,7.3,0.376,1.5,4.5,0.333,1.3,2.8,0.444,0.479,1.0,1.2,0.842,0.3,2.6,2.9,2.7,0.5,0.1,1.2,2.5,8.0,
240,235.0,Buddy Hield,33.0,GSW,SG,44.0,3.0,17.5,3.0,6.8,0.433,1.5,4.4,0.344,1.4,2.4,0.6,0.545,0.6,0.8,0.794,0.6,1.9,2.5,1.5,0.8,0.2,1.0,1.3,8.0,
241,236.0,Quinten Post,25.0,GSW,PF,51.0,32.0,17.8,3.0,6.8,0.438,1.5,4.4,0.35,1.5,2.4,0.602,0.552,0.5,0.6,0.833,1.0,3.0,4.0,1.4,0.5,0.5,0.8,1.9,8.0,
242,237.0,Vince Williams Jr.,25.0,MEM,PG,34.0,12.0,21.6,2.7,7.8,0.352,1.4,4.7,0.308,1.3,3.1,0.419,0.445,1.1,1.4,0.804,1.0,3.0,4.0,4.4,0.8,0.4,1.9,2.1,8.0,
243,238.0,Jose Alvarado,27.0,NOP,PG,40.0,0.0,22.0,2.9,6.9,0.415,1.7,4.7,0.356,1.2,2.2,0.54,0.536,0.5,0.6,0.833,0.4,2.4,2.7,3.2,0.9,0.1,1.2,2.0,7.9,
244,239.0,Luka Garza,27.0,BOS,C,41.0,1.0,16.7,2.9,4.9,0.593,0.7,1.5,0.476,2.1,3.3,0.647,0.668,1.4,1.7,0.8,2.5,1.8,4.3,1.1,0.4,0.5,0.5,2.4,7.9,
245,240.0,Daniss Jenkins,24.0,DET,PG,41.0,7.0,16.8,2.8,6.7,0.421,1.0,2.5,0.385,1.8,4.1,0.444,0.495,1.3,1.7,0.797,0.5,1.2,1.8,3.3,0.9,0.2,1.3,1.4,7.9,
246,241.0,Luke Kennard,29.0,ATL,SG,46.0,0.0,20.5,2.8,5.2,0.538,1.6,3.2,0.497,1.2,2.0,0.604,0.692,0.7,0.8,0.914,0.4,1.7,2.2,2.1,0.7,0.1,0.7,1.2,7.9,
247,242.0,Kris Dunn,31.0,LAC,PG,49.0,43.0,27.3,2.9,6.2,0.472,1.0,2.9,0.357,1.9,3.3,0.574,0.556,0.9,1.1,0.8,0.8,2.1,2.9,3.2,1.5,0.2,1.4,2.4,7.8,
248,243.0,Quenton Jackson,27.0,IND,PG,24.0,9.0,15.3,2.6,5.5,0.473,0.8,2.1,0.38,1.8,3.4,0.531,0.546,1.9,2.5,0.763,0.5,1.3,1.8,1.8,0.7,0.2,1.1,1.6,7.8,
249,244.0,Caris LeVert,31.0,DET,SG,32.0,0.0,19.8,2.8,6.6,0.429,1.1,3.2,0.33,1.8,3.3,0.523,0.51,1.1,1.7,0.679,0.3,1.5,1.8,2.8,0.9,0.7,1.4,1.5,7.8,
250,245.0,Cason Wallace,22.0,OKC,SG,48.0,38.0,26.3,2.9,6.9,0.419,1.4,3.9,0.367,1.4,2.9,0.489,0.524,0.6,0.8,0.737,0.8,2.2,3.0,2.0,2.1,0.2,0.9,2.0,7.8,
251,246.0,Collin Murray-Boyles,20.0,TOR,PF,40.0,16.0,22.1,3.2,6.0,0.534,0.4,1.1,0.341,2.8,4.9,0.577,0.565,1.0,1.5,0.644,2.6,2.6,5.1,2.1,0.9,0.8,1.2,2.6,7.7,
252,247.0,Danny Wolf,21.0,BRK,PF,35.0,7.0,19.9,2.8,7.2,0.389,1.1,3.5,0.314,1.7,3.7,0.458,0.464,1.1,1.3,0.804,1.1,3.4,4.5,1.9,0.6,0.4,1.1,1.9,7.7,
253,248.0,Luke Kornet,30.0,SAS,C,40.0,22.0,23.7,3.0,4.5,0.657,0.0,0.0,,3.0,4.5,0.657,0.657,1.6,2.1,0.793,3.0,3.7,6.7,2.0,0.5,1.3,0.5,2.0,7.6,
254,249.0,Terance Mann,29.0,BRK,SG,43.0,40.0,25.4,2.8,6.2,0.451,0.9,2.5,0.339,1.9,3.7,0.529,0.521,1.2,1.4,0.823,1.2,2.1,3.3,3.4,0.7,0.2,1.1,2.6,7.6,
255,250.0,Bryce McGowens,23.0,NOP,SG,29.0,11.0,19.4,2.5,5.3,0.477,0.8,1.9,0.436,1.7,3.4,0.5,0.556,1.8,2.3,0.761,0.3,1.7,2.0,1.3,0.6,0.1,0.5,1.9,7.6,
256,251.0,Bruce Brown,29.0,DEN,SG,51.0,2.0,24.5,2.9,6.2,0.465,0.5,1.5,0.338,2.4,4.7,0.506,0.506,1.2,1.5,0.779,1.1,2.9,4.0,2.2,1.0,0.3,1.0,2.5,7.5,
257,252.0,Tre Mann,24.0,CHO,PG,30.0,1.0,16.3,2.8,7.6,0.374,1.3,4.0,0.328,1.5,3.6,0.426,0.46,0.5,0.6,0.842,0.6,1.6,2.3,2.2,0.5,0.1,1.3,1.7,7.5,
258,253.0,Moritz Wagner,28.0,ORL,C,9.0,0.0,10.3,2.4,5.4,0.449,1.1,2.4,0.455,1.3,3.0,0.444,0.551,1.4,1.6,0.929,0.4,2.0,2.4,0.3,0.4,0.0,0.7,1.6,7.4,
259,254.0,Precious Achiuwa,26.0,SAC,C,44.0,30.0,20.7,3.0,6.1,0.502,0.4,1.2,0.314,2.7,4.9,0.546,0.532,0.8,1.6,0.529,2.0,3.7,5.6,1.2,0.8,0.5,0.7,1.6,7.3,
260,255.0,Al Horford,39.0,GSW,C,30.0,5.0,20.0,2.7,6.3,0.423,1.5,4.3,0.357,1.1,2.0,0.567,0.545,0.4,0.4,1.0,0.9,3.9,4.9,2.3,0.8,1.1,0.9,1.3,7.3,
261,256.0,Tyrese Martin,26.0,BRK,SG,37.0,6.0,18.8,2.7,6.9,0.392,1.4,4.1,0.336,1.3,2.8,0.476,0.492,0.5,0.7,0.731,0.9,2.0,2.9,1.9,0.6,0.1,0.9,0.8,7.3,
262,257.0,Justin Champagnie,24.0,WAS,SF,46.0,11.0,19.1,2.8,5.7,0.5,0.6,2.0,0.301,2.2,3.6,0.611,0.554,0.9,1.3,0.695,2.0,3.6,5.6,1.1,0.8,0.6,0.6,1.6,7.2,
263,258.0,Kobe Sanders,23.0,LAC,SG,41.0,10.0,21.6,2.7,5.8,0.46,1.1,2.8,0.398,1.6,3.0,0.516,0.555,0.8,1.0,0.829,0.5,2.0,2.5,1.6,0.6,0.1,1.3,2.2,7.2,
264,259.0,Kyle Anderson,32.0,UTA,SF,20.0,0.0,20.1,2.9,5.5,0.523,0.2,0.3,0.6,2.7,5.2,0.519,0.537,1.3,1.9,0.658,1.0,2.4,3.3,3.1,1.2,0.5,0.9,2.3,7.1,
265,260.0,Javonte Green,32.0,DET,SG,49.0,4.0,18.7,2.4,5.3,0.45,1.1,2.9,0.368,1.3,2.3,0.553,0.552,1.3,1.6,0.797,0.8,2.0,2.8,0.8,1.3,0.3,0.6,1.5,7.1,
266,261.0,Jamaree Bouyea,26.0,PHO,PG,25.0,0.0,15.3,2.9,5.7,0.514,0.7,2.0,0.34,2.2,3.7,0.609,0.574,0.5,0.7,0.667,0.5,1.4,1.9,1.6,0.7,0.4,0.6,0.8,7.0,
267,262.0,Seth Curry,35.0,GSW,SG,2.0,0.0,16.0,3.0,4.5,0.667,1.0,2.0,0.5,2.0,2.5,0.8,0.778,0.0,0.0,,0.5,1.5,2.0,1.5,1.0,0.0,0.0,1.5,7.0,
268,263.0,Jamal Shead,23.0,TOR,PG,51.0,7.0,22.3,2.4,6.5,0.37,1.2,3.5,0.33,1.2,3.0,0.417,0.459,1.1,1.4,0.767,0.3,1.5,1.9,5.5,1.0,0.1,1.3,2.1,7.0,
269,264.0,TyTy Washington Jr.,24.0,LAC,PG,2.0,0.0,11.0,3.0,4.5,0.667,1.0,2.0,0.5,2.0,2.5,0.8,0.778,0.0,0.0,,0.0,0.5,0.5,1.5,1.0,0.5,0.0,0.0,7.0,
270,265.0,Andre Drummond,32.0,PHI,C,38.0,18.0,19.8,2.7,5.4,0.498,0.5,1.3,0.367,2.2,4.2,0.538,0.541,1.0,1.6,0.629,3.4,5.3,8.8,0.8,0.6,0.9,1.0,2.0,6.9,
271,266.0,Jaden Hardy,23.0,DAL,SG,34.0,4.0,12.6,2.3,5.7,0.402,1.4,3.6,0.371,0.9,2.1,0.457,0.521,0.9,1.2,0.775,0.3,1.1,1.4,0.9,0.3,0.1,0.8,1.1,6.9,
272,267.0,Tristan Vukcevic,22.0,WAS,C,30.0,2.0,11.4,2.3,5.1,0.455,0.4,2.0,0.2,1.9,3.1,0.617,0.494,1.8,2.4,0.764,0.6,1.8,2.4,1.0,0.3,0.7,1.0,1.2,6.9,
273,268.0,Walter Clayton,22.0,UTA,PG,45.0,0.0,18.0,2.3,5.7,0.398,1.0,3.2,0.308,1.3,2.5,0.513,0.484,1.3,1.4,0.935,0.3,1.6,2.0,3.2,0.5,0.3,1.3,1.7,6.8,
274,269.0,Kevin Love,37.0,UTA,PF,27.0,5.0,17.5,2.2,5.7,0.387,1.4,4.0,0.346,0.9,1.8,0.479,0.506,1.0,1.2,0.818,1.7,4.1,5.8,1.8,0.3,0.3,0.8,1.7,6.8,
275,270.0,Will Richard,23.0,GSW,SG,46.0,15.0,19.2,2.5,5.2,0.475,1.1,3.2,0.354,1.3,2.0,0.67,0.584,0.8,0.9,0.814,1.0,1.5,2.5,1.4,1.2,0.1,0.8,1.8,6.8,
276,271.0,Cole Anthony,25.0,MIL,PG,35.0,0.0,15.1,2.8,6.6,0.424,0.6,2.1,0.306,2.2,4.5,0.478,0.472,0.5,0.7,0.615,0.5,2.0,2.5,3.5,0.6,0.3,1.9,2.1,6.7,
277,272.0,Ryan Nembhard,22.0,DAL,PG,37.0,17.0,18.8,2.8,6.4,0.436,0.9,2.3,0.376,1.9,4.1,0.47,0.504,0.3,0.4,0.769,0.2,1.6,1.8,4.8,0.2,0.0,1.5,1.4,6.7,
278,273.0,Micah Potter,27.0,IND,C,18.0,2.0,17.2,2.0,4.7,0.429,1.1,3.1,0.357,0.9,1.6,0.571,0.548,1.6,1.8,0.906,0.7,3.1,3.8,1.4,0.4,0.3,0.7,1.6,6.7,
279,274.0,Patrick Williams,24.0,CHI,PF,47.0,2.0,18.7,2.4,6.3,0.38,1.3,3.3,0.382,1.1,2.9,0.377,0.481,0.7,1.0,0.702,0.7,2.3,3.0,1.2,0.6,0.3,1.0,1.3,6.7,
280,275.0,Bones Hyland,25.0,MIN,PG,42.0,3.0,14.2,2.4,5.3,0.446,1.2,3.2,0.36,1.2,2.1,0.58,0.556,0.7,1.0,0.683,0.3,1.3,1.6,2.6,0.5,0.2,0.8,1.7,6.6,
281,276.0,Jared McCain,21.0,PHI,SG,37.0,1.0,16.8,2.4,6.2,0.385,1.2,3.2,0.378,1.2,3.0,0.393,0.483,0.6,0.7,0.88,0.2,1.9,2.0,1.7,0.6,0.1,0.8,1.2,6.6,
282,277.0,Nae'Qwan Tomlin,25.0,CLE,PF,40.0,2.0,17.1,2.7,5.4,0.491,0.4,2.0,0.215,2.2,3.4,0.65,0.53,0.9,1.2,0.735,1.4,1.8,3.2,0.9,0.8,0.6,0.4,2.0,6.6,
283,278.0,Sidy Cissoko,21.0,POR,SF,46.0,22.0,21.9,2.2,5.3,0.412,1.1,3.3,0.333,1.1,2.0,0.544,0.516,1.1,1.5,0.69,1.0,1.4,2.4,1.5,0.7,0.3,1.1,2.7,6.5,
284,279.0,Gradey Dick,22.0,TOR,SG,51.0,1.0,16.2,2.3,5.4,0.42,0.9,2.9,0.313,1.4,2.5,0.543,0.504,1.1,1.3,0.862,0.6,1.6,2.2,0.7,0.6,0.1,0.5,1.5,6.5,
285,280.0,Brook Lopez,37.0,LAC,C,42.0,7.0,17.2,2.2,5.9,0.373,1.5,4.3,0.341,0.8,1.7,0.457,0.496,0.6,0.7,0.867,0.3,2.2,2.6,0.9,0.5,1.0,0.8,1.7,6.5,
286,281.0,Jaxson Hayes,25.0,LAL,C,41.0,4.0,17.4,2.6,3.4,0.775,0.0,0.0,1.0,2.6,3.3,0.774,0.779,1.2,1.8,0.649,1.4,2.4,3.8,0.8,0.4,0.6,0.5,2.0,6.4,
287,282.0,Isaiah Jackson,24.0,IND,C,38.0,14.0,16.8,2.5,4.3,0.582,0.0,0.0,0.0,2.5,4.3,0.585,0.582,1.3,1.9,0.689,2.3,3.3,5.6,0.8,0.7,0.8,1.1,2.8,6.4,
288,283.0,Tidjane Salaün,20.0,CHO,PF,31.0,0.0,16.0,2.4,4.5,0.518,1.0,2.3,0.443,1.4,2.3,0.592,0.628,0.7,1.0,0.7,0.8,3.6,4.4,0.8,0.4,0.2,0.8,1.5,6.4,
289,284.0,Dru Smith,28.0,MIA,SG,51.0,1.0,17.4,2.1,5.2,0.411,0.7,2.2,0.313,1.5,3.0,0.484,0.477,1.4,1.7,0.839,0.8,1.7,2.6,2.8,1.5,0.3,0.9,1.6,6.4,
290,285.0,Blake Wesley,22.0,POR,SG,8.0,0.0,17.1,2.5,5.6,0.444,0.6,1.9,0.333,1.9,3.8,0.5,0.5,0.8,1.4,0.545,0.5,1.8,2.3,3.4,1.4,0.1,1.4,2.1,6.4,
291,286.0,Kenrich Williams,31.0,OKC,PF,31.0,0.0,15.7,2.5,4.9,0.51,0.8,2.4,0.356,1.7,2.6,0.65,0.595,0.5,0.8,0.654,0.9,2.4,3.3,1.6,0.6,0.1,0.6,1.2,6.4,
292,287.0,Mac McClung,27.0,IND,SG,3.0,0.0,11.3,2.3,6.0,0.389,0.7,3.3,0.2,1.7,2.7,0.625,0.444,1.0,1.3,0.75,0.0,1.3,1.3,0.3,1.7,0.3,0.7,2.0,6.3,
293,288.0,Robert Williams,28.0,POR,C,35.0,1.0,16.4,2.8,3.7,0.748,0.1,0.4,0.308,2.7,3.4,0.797,0.763,0.5,0.7,0.731,2.0,4.5,6.5,1.1,0.7,1.4,0.7,1.2,6.3,
294,289.0,Will Riley,19.0,WAS,SF,41.0,1.0,15.2,2.2,5.3,0.406,0.7,2.2,0.319,1.5,3.1,0.469,0.473,1.1,1.4,0.807,0.8,1.3,2.1,1.3,0.5,0.1,0.9,0.8,6.2,
295,290.0,Ben Sheppard,24.0,IND,SG,40.0,13.0,21.5,2.2,5.7,0.385,1.2,3.5,0.326,1.0,2.1,0.482,0.487,0.7,0.9,0.771,0.6,2.5,3.1,1.7,0.5,0.1,0.6,1.7,6.2,
296,291.0,Ja'Kobe Walter,21.0,TOR,SG,41.0,9.0,17.9,2.1,5.0,0.426,1.1,3.2,0.346,1.0,1.7,0.577,0.539,0.9,1.1,0.8,0.7,1.4,2.1,0.9,0.9,0.1,0.5,2.0,6.2,
297,292.0,Alex Caruso,31.0,OKC,SG,33.0,0.0,18.2,2.2,5.2,0.419,0.9,3.2,0.295,1.2,2.0,0.612,0.509,0.8,0.9,0.833,0.5,2.2,2.8,2.2,1.4,0.4,0.8,1.2,6.1,
298,293.0,Ryan Dunn,23.0,PHO,SF,44.0,11.0,19.8,2.4,5.5,0.439,0.8,2.5,0.321,1.6,3.1,0.533,0.51,0.4,0.6,0.643,1.5,2.7,4.2,1.6,0.9,0.4,1.0,2.2,6.1,
299,294.0,Spencer Jones,24.0,DEN,SF,45.0,33.0,23.9,2.2,4.3,0.513,1.1,2.5,0.421,1.1,1.8,0.646,0.637,0.6,1.0,0.622,1.1,2.0,3.1,0.8,0.9,0.4,0.6,2.8,6.1,
300,295.0,Kris Murray,25.0,POR,SF,34.0,11.0,25.7,2.3,5.1,0.446,0.6,2.3,0.256,1.7,2.9,0.598,0.503,0.9,1.2,0.738,1.8,2.2,4.0,1.2,1.2,0.4,0.9,2.0,6.1,
301,296.0,Drake Powell,20.0,BRK,SG,38.0,9.0,18.9,2.1,4.8,0.442,0.7,2.4,0.308,1.4,2.4,0.578,0.519,1.1,1.2,0.913,0.3,1.3,1.6,1.6,0.6,0.1,1.0,1.4,6.1,
302,297.0,Taurean Prince,31.0,MIL,SF,8.0,0.0,21.1,2.1,4.8,0.447,1.5,3.5,0.429,0.6,1.3,0.5,0.605,0.4,0.4,1.0,0.0,1.6,1.6,1.0,0.8,0.3,0.6,2.5,6.1,
303,298.0,Josh Minott,23.0,BOS,PF,32.0,10.0,16.2,2.2,4.2,0.511,1.1,2.4,0.447,1.1,1.8,0.593,0.637,0.6,0.8,0.769,1.2,2.4,3.6,1.0,0.8,0.3,0.6,1.6,6.0,
304,299.0,KJ Simpson,23.0,CHO,PG,14.0,2.0,15.9,2.2,6.4,0.348,0.9,2.8,0.308,1.4,3.6,0.38,0.416,0.7,1.1,0.625,0.4,1.7,2.1,2.5,1.1,0.0,1.7,1.0,6.0,
305,300.0,Nolan Traoré,19.0,BRK,PG,27.0,4.0,19.4,2.1,6.1,0.352,0.9,2.7,0.311,1.3,3.4,0.385,0.421,0.9,1.1,0.793,0.2,1.2,1.4,2.9,0.4,0.4,1.4,1.7,6.0,
306,301.0,Trendon Watford,25.0,PHI,PF,28.0,4.0,15.6,2.4,4.7,0.504,0.4,0.9,0.4,2.0,3.8,0.528,0.542,1.0,1.4,0.711,0.8,2.6,3.4,2.6,0.3,0.3,1.0,2.0,6.0,
307,302.0,Cody Williams,21.0,UTA,SG,37.0,14.0,18.9,2.6,5.3,0.487,0.4,1.6,0.246,2.2,3.6,0.597,0.526,0.5,0.8,0.621,0.8,1.4,2.2,0.9,0.5,0.4,0.6,1.7,6.0,
308,303.0,Goga Bitadze,26.0,ORL,C,41.0,1.0,16.2,2.4,3.6,0.68,0.0,0.2,0.2,2.4,3.3,0.715,0.687,0.9,1.3,0.731,2.1,3.0,5.1,1.2,0.7,1.2,0.5,2.1,5.9,
309,304.0,Marcus Sasser,25.0,DET,PG,14.0,0.0,10.0,2.0,4.3,0.467,1.1,2.8,0.41,0.9,1.5,0.571,0.6,0.7,0.8,0.909,0.1,0.9,0.9,1.9,0.7,0.1,0.6,0.9,5.9,
310,305.0,Steven Adams,32.0,HOU,C,32.0,11.0,22.8,2.2,4.3,0.504,0.0,0.0,,2.2,4.3,0.504,0.504,1.5,2.5,0.58,4.5,4.1,8.6,1.5,0.7,0.6,1.1,1.7,5.8,
311,306.0,Aaron Holiday,29.0,HOU,PG,33.0,1.0,13.5,1.8,4.6,0.399,1.2,3.2,0.387,0.6,1.4,0.426,0.533,0.8,1.0,0.848,0.1,0.7,0.8,0.9,0.4,0.1,0.6,1.4,5.8,
312,307.0,Nick Smith Jr.,21.0,LAL,SG,24.0,1.0,12.5,2.2,5.2,0.424,1.1,2.8,0.397,1.1,2.4,0.456,0.532,0.3,0.5,0.636,0.1,0.7,0.8,1.1,0.3,0.1,0.8,1.0,5.8,
313,308.0,Dean Wade,29.0,CLE,PF,42.0,21.0,22.9,2.0,4.7,0.417,1.2,3.5,0.34,0.8,1.2,0.635,0.543,0.6,0.9,0.75,0.8,3.3,4.2,1.5,0.8,0.4,0.3,1.6,5.8,
314,309.0,Grant Williams,27.0,CHO,PF,10.0,0.0,17.7,1.9,5.3,0.358,1.0,3.8,0.263,0.9,1.5,0.6,0.453,1.0,1.3,0.769,1.0,3.0,4.0,1.1,0.5,0.2,0.6,1.2,5.8,
315,310.0,Nique Clifford,23.0,SAC,SG,47.0,7.0,19.8,2.1,5.4,0.396,0.7,2.4,0.306,1.4,3.1,0.465,0.463,0.6,0.9,0.682,0.8,2.2,3.0,1.3,0.6,0.3,1.1,1.9,5.7,
316,311.0,Sion James,23.0,CHO,SG,51.0,18.0,24.2,1.7,4.7,0.374,0.9,2.7,0.345,0.8,1.9,0.414,0.475,1.3,1.5,0.855,0.6,2.9,3.5,1.9,0.5,0.3,0.9,1.8,5.7,
317,312.0,Yuki Kawamura,24.0,CHI,PG,3.0,0.0,21.3,1.3,4.3,0.308,1.0,3.7,0.273,0.3,0.7,0.5,0.423,2.0,2.0,1.0,0.7,4.0,4.7,5.0,1.3,0.0,0.3,1.3,5.7,
318,313.0,Jalen Pickett,26.0,DEN,SG,36.0,18.0,18.3,2.2,5.2,0.422,1.1,2.8,0.376,1.1,2.4,0.477,0.524,0.3,0.3,0.909,0.5,2.3,2.8,2.8,0.4,0.1,0.8,1.0,5.7,
319,314.0,Keon Ellis,26.0,SAC,SG,43.0,5.0,17.6,1.9,4.9,0.397,1.2,3.3,0.368,0.7,1.5,0.462,0.524,0.5,0.7,0.625,0.3,0.9,1.3,0.6,1.1,0.5,0.5,1.6,5.6,
320,315.0,Yves Missi,21.0,NOP,C,44.0,7.0,19.1,2.4,4.5,0.54,0.0,0.0,0.0,2.4,4.5,0.543,0.54,0.8,1.3,0.559,2.9,2.7,5.7,1.2,0.3,1.4,0.8,1.8,5.6,
321,316.0,Jordan Walsh,21.0,BOS,PF,45.0,20.0,18.4,2.1,4.0,0.522,0.7,1.8,0.388,1.4,2.2,0.63,0.608,0.7,0.9,0.762,1.4,2.9,4.3,0.8,0.8,0.5,0.5,2.2,5.6,
322,317.0,Jaylin Williams,23.0,OKC,PF,36.0,7.0,18.8,1.8,5.0,0.358,1.1,3.6,0.302,0.7,1.4,0.5,0.466,0.9,1.3,0.717,0.6,4.3,4.9,2.5,0.6,0.6,1.0,2.0,5.6,
323,318.0,Eric Gordon,37.0,PHI,SG,6.0,0.0,12.3,2.0,3.5,0.571,1.3,2.3,0.571,0.7,1.2,0.571,0.762,0.2,0.3,0.5,0.2,0.2,0.3,0.5,0.7,0.2,0.5,0.5,5.5,
324,319.0,Oso Ighodaro,23.0,PHO,PF,51.0,7.0,20.0,2.4,3.9,0.616,0.0,0.0,0.0,2.4,3.9,0.619,0.616,0.7,1.4,0.493,1.5,3.0,4.5,1.8,0.9,0.6,1.3,2.6,5.5,
325,320.0,Josh Okogie,27.0,HOU,SG,48.0,28.0,20.1,1.9,4.4,0.439,1.0,2.4,0.393,1.0,2.0,0.495,0.547,0.7,1.1,0.627,1.2,1.7,3.0,1.0,0.9,0.3,0.7,1.6,5.5,
326,321.0,Paul Reed,26.0,DET,C,34.0,6.0,11.6,2.4,4.0,0.591,0.2,0.6,0.35,2.2,3.4,0.632,0.617,0.5,0.9,0.563,1.8,2.4,4.2,1.2,0.9,0.6,1.0,1.5,5.5,
327,322.0,Jalen Wilson,25.0,BRK,PF,33.0,0.0,14.5,1.7,4.5,0.38,1.0,2.8,0.362,0.7,1.7,0.411,0.493,1.0,1.3,0.75,0.2,1.3,1.5,0.6,0.3,0.1,0.5,1.3,5.5,
328,323.0,Jevon Carter,30.0,CHI,PG,23.0,0.0,11.0,1.8,4.5,0.398,1.4,3.4,0.41,0.4,1.1,0.36,0.553,0.4,0.4,1.0,0.2,0.9,1.1,0.8,0.6,0.1,0.5,0.8,5.4,
329,324.0,Johnny Furphy,21.0,IND,SG,33.0,19.0,18.1,2.0,4.3,0.472,0.7,2.1,0.333,1.3,2.2,0.603,0.553,0.5,1.1,0.486,0.9,3.4,4.3,1.1,0.6,0.2,0.8,1.8,5.3,
330,325.0,Jase Richardson,20.0,ORL,SG,35.0,0.0,11.7,2.0,4.1,0.483,0.6,1.7,0.373,1.3,2.4,0.56,0.559,0.7,0.9,0.727,0.5,0.9,1.4,1.2,0.2,0.1,0.6,1.0,5.3,
331,326.0,Pat Spencer,29.0,GSW,PG,35.0,4.0,13.9,2.0,4.9,0.415,0.6,1.6,0.4,1.4,3.3,0.422,0.48,0.7,0.8,0.821,0.7,1.3,2.1,2.9,0.6,0.1,1.0,1.0,5.3,
332,327.0,Garrison Mathews,29.0,IND,SG,15.0,1.0,13.1,1.4,3.5,0.404,1.1,3.1,0.37,0.3,0.4,0.667,0.567,1.3,1.5,0.826,0.1,1.0,1.1,0.7,0.4,0.2,0.2,1.3,5.2,
333,328.0,Asa Newell,20.0,ATL,PF,35.0,0.0,11.1,2.1,3.8,0.545,0.7,1.8,0.419,1.3,2.0,0.657,0.644,0.4,0.6,0.591,0.9,1.2,2.1,0.5,0.4,0.3,0.5,1.6,5.2,
334,329.0,Tolu Smith,25.0,DET,PF,5.0,0.0,11.0,1.4,3.0,0.467,0.0,0.0,,1.4,3.0,0.467,0.467,2.4,3.0,0.8,2.0,3.6,5.6,0.8,0.4,1.0,0.8,1.4,5.2,
335,330.0,Drew Eubanks,28.0,SAC,C,31.0,11.0,13.7,2.2,3.6,0.604,0.0,0.1,0.25,2.1,3.5,0.617,0.608,0.8,1.4,0.558,0.8,1.8,2.7,0.3,0.4,0.6,0.8,1.3,5.1,
336,331.0,Tyler Kolek,24.0,NYK,PG,43.0,1.0,13.7,2.0,4.8,0.425,0.7,2.1,0.356,1.3,2.7,0.479,0.502,0.3,0.4,0.688,0.3,1.6,1.9,3.0,0.4,0.1,1.1,1.4,5.1,
337,332.0,Noah Penda,21.0,ORL,SF,34.0,2.0,14.0,1.9,4.4,0.426,0.7,1.8,0.387,1.1,2.5,0.453,0.507,0.7,1.1,0.622,1.5,2.4,3.9,1.2,0.6,0.4,0.8,1.4,5.1,
338,333.0,Patrick Baldwin Jr.,23.0,LAC,SF,2.0,0.0,6.0,1.5,2.0,0.75,1.0,1.5,0.667,0.5,0.5,1.0,1.0,1.0,1.0,1.0,0.0,0.5,0.5,0.0,0.0,0.0,0.5,1.0,5.0,
339,334.0,Thomas Bryant,28.0,CLE,C,35.0,0.0,9.9,1.8,3.5,0.516,0.7,1.8,0.365,1.1,1.7,0.678,0.611,0.7,0.9,0.813,0.7,1.9,2.6,0.6,0.2,0.4,0.4,1.2,5.0,
340,335.0,Olivier-Maxence Prosper,23.0,MEM,PF,25.0,0.0,12.0,1.7,3.4,0.488,0.5,1.3,0.364,1.2,2.1,0.566,0.558,1.2,1.3,0.906,0.8,1.7,2.5,0.7,0.2,0.2,0.7,0.8,5.0,
341,336.0,Julian Strawther,23.0,DEN,SG,28.0,1.0,12.0,1.6,4.0,0.414,0.5,1.7,0.271,1.2,2.3,0.524,0.473,1.3,1.6,0.8,0.2,1.6,1.8,1.0,0.4,0.1,0.4,1.0,5.0,
342,337.0,Matisse Thybulle,28.0,POR,SG,4.0,0.0,12.3,1.5,2.5,0.6,1.0,1.5,0.667,0.5,1.0,0.5,0.8,1.0,1.0,1.0,0.0,1.0,1.0,0.8,2.5,0.0,0.3,1.8,5.0,
343,338.0,Branden Carlson,26.0,OKC,C,33.0,2.0,10.8,2.0,3.9,0.523,0.6,1.8,0.345,1.4,2.1,0.671,0.602,0.3,0.5,0.529,0.5,1.9,2.5,0.6,0.2,0.5,0.4,0.9,4.9,
344,339.0,Mouhamed Gueye,23.0,ATL,PF,50.0,5.0,16.5,1.9,4.3,0.437,0.5,1.8,0.272,1.4,2.5,0.561,0.495,0.6,1.0,0.62,1.2,2.4,3.6,1.0,0.9,0.6,0.5,1.8,4.9,
345,340.0,Taylor Hendricks,22.0,UTA,PF,33.0,6.0,14.9,1.8,3.9,0.453,0.7,2.1,0.343,1.0,1.8,0.586,0.547,0.7,1.0,0.719,0.9,2.1,3.0,0.7,0.4,0.2,0.6,1.2,4.9,
346,341.0,Tyrese Proctor,21.0,CLE,PG,37.0,1.0,10.6,1.7,4.3,0.388,0.9,2.7,0.354,0.7,1.6,0.443,0.497,0.6,0.7,0.852,0.2,0.9,1.1,1.4,0.4,0.0,0.6,1.2,4.9,
347,342.0,Gui Santos,23.0,GSW,PF,40.0,5.0,13.1,1.8,3.5,0.511,0.8,2.1,0.381,1.0,1.4,0.702,0.624,0.5,0.7,0.643,0.8,1.8,2.6,1.2,0.6,0.3,0.8,1.4,4.9,
348,343.0,Jarred Vanderbilt,26.0,LAL,PF,40.0,3.0,19.4,1.9,4.0,0.469,0.5,1.7,0.299,1.4,2.3,0.591,0.531,0.7,1.0,0.634,1.6,3.4,5.0,1.4,0.9,0.3,1.0,1.8,4.9,
349,344.0,Jett Howard,22.0,ORL,SF,30.0,0.0,10.8,1.7,4.3,0.391,0.9,2.7,0.35,0.7,1.6,0.458,0.5,0.6,0.6,0.944,0.4,1.0,1.4,0.8,0.1,0.1,0.2,0.9,4.8,
350,345.0,Karlo Matković,24.0,NOP,PF,39.0,2.0,12.8,2.1,3.4,0.606,0.5,1.2,0.413,1.6,2.2,0.709,0.678,0.2,0.4,0.533,0.8,2.3,3.1,0.7,0.4,0.8,0.5,1.6,4.8,
351,346.0,Craig Porter Jr.,25.0,CLE,PG,45.0,2.0,17.8,2.0,4.2,0.463,0.6,1.4,0.385,1.4,2.8,0.504,0.529,0.4,0.6,0.552,1.4,2.1,3.5,3.2,1.0,0.6,0.9,1.2,4.8,
352,347.0,Gabe Vincent,29.0,LAL,PG,29.0,7.0,19.3,1.6,4.5,0.346,1.3,3.6,0.369,0.2,0.9,0.259,0.492,0.3,0.4,0.909,0.2,0.7,0.9,1.3,0.5,0.0,0.4,1.8,4.8,
353,348.0,Dylan Cardwell,24.0,SAC,C,24.0,1.0,19.8,2.0,3.4,0.593,0.0,0.0,0.0,2.0,3.3,0.6,0.593,0.7,1.3,0.531,2.8,4.1,6.9,1.1,0.7,1.7,0.8,3.8,4.7,
354,349.0,Justin Edwards,22.0,PHI,SF,37.0,5.0,14.2,1.6,4.2,0.391,0.9,2.8,0.337,0.7,1.4,0.5,0.503,0.5,0.5,0.895,0.5,1.0,1.5,1.1,0.6,0.2,0.6,1.5,4.7,
355,350.0,Gary Payton II,33.0,GSW,SG,46.0,1.0,12.6,2.1,3.9,0.541,0.3,1.1,0.28,1.8,2.8,0.641,0.58,0.2,0.3,0.571,1.1,2.0,3.0,1.5,0.5,0.3,0.9,1.6,4.7,
356,351.0,Mitchell Robinson,27.0,NYK,C,35.0,13.0,19.7,2.1,3.1,0.673,0.0,0.0,,2.1,3.1,0.673,0.673,0.6,1.6,0.382,4.9,4.3,9.1,1.0,0.9,1.1,0.7,2.3,4.7,
357,352.0,PJ Hall,23.0,2TM,C,15.0,2.0,10.3,1.7,2.9,0.591,0.2,0.3,0.6,1.5,2.6,0.59,0.625,0.9,1.3,0.7,1.5,1.9,3.5,0.5,0.1,0.6,0.7,1.1,4.6,
358,352.0,PJ Hall,23.0,MEM,C,7.0,0.0,3.9,0.7,1.3,0.556,0.1,0.4,0.333,0.6,0.9,0.667,0.611,0.3,0.4,0.667,0.4,0.9,1.3,0.3,0.0,0.3,0.1,0.4,1.9,
359,352.0,PJ Hall,23.0,CHO,C,8.0,2.0,15.9,2.6,4.4,0.6,0.3,0.3,1.0,2.4,4.1,0.576,0.629,1.5,2.1,0.706,2.5,2.9,5.4,0.6,0.1,0.9,1.3,1.6,7.0,
360,353.0,Lonzo Ball,28.0,CLE,PG,35.0,3.0,20.8,1.5,5.0,0.301,1.1,4.2,0.272,0.4,0.8,0.448,0.415,0.4,0.6,0.667,0.7,3.3,4.0,3.9,1.3,0.3,1.5,1.3,4.6,
361,354.0,Malaki Branham,22.0,WAS,SG,28.0,0.0,9.8,1.5,3.3,0.473,0.5,1.3,0.378,1.0,1.9,0.537,0.549,1.0,1.2,0.824,0.4,1.1,1.6,0.8,0.4,0.1,0.5,0.8,4.6,
362,355.0,Dalton Knecht,24.0,LAL,SF,40.0,1.0,11.7,1.8,4.0,0.441,0.8,2.4,0.313,1.0,1.6,0.631,0.534,0.3,0.5,0.722,0.3,1.2,1.5,0.4,0.2,0.2,0.4,1.0,4.6,
363,356.0,Micah Peavy,24.0,NOP,SG,43.0,1.0,15.7,1.9,5.0,0.386,0.5,2.0,0.25,1.4,3.0,0.473,0.435,0.3,0.3,0.733,0.9,1.2,2.1,1.1,0.7,0.1,0.3,1.7,4.6,
364,357.0,Jeremiah Robinson-Earl,25.0,2TM,PF,22.0,3.0,16.4,1.7,4.5,0.37,0.5,1.9,0.244,1.2,2.7,0.458,0.42,0.8,0.8,0.944,1.6,3.0,4.7,0.7,0.4,0.0,0.5,1.2,4.6,
365,357.0,Jeremiah Robinson-Earl,25.0,IND,PF,17.0,3.0,17.6,1.7,4.9,0.349,0.5,1.9,0.242,1.2,2.9,0.42,0.398,0.8,0.8,0.929,1.9,3.3,5.2,0.7,0.4,0.1,0.6,1.4,4.6,
366,357.0,Jeremiah Robinson-Earl,25.0,DAL,PF,5.0,0.0,12.2,1.6,3.4,0.471,0.4,1.6,0.25,1.2,1.8,0.667,0.529,0.8,0.8,1.0,0.8,2.2,3.0,0.6,0.4,0.0,0.4,0.6,4.4,
367,358.0,Ben Saraf,19.0,BRK,SG,18.0,5.0,17.4,1.6,4.8,0.322,0.6,2.4,0.256,0.9,2.4,0.386,0.385,0.9,1.2,0.762,0.3,1.2,1.5,2.6,0.8,0.2,1.8,1.2,4.6,
368,359.0,Javon Small,23.0,MEM,PG,16.0,0.0,12.9,1.5,4.2,0.358,0.8,2.2,0.343,0.8,2.0,0.375,0.448,0.9,1.2,0.737,0.4,1.1,1.5,3.4,0.3,0.1,1.2,1.2,4.6,
369,360.0,Nicolas Batum,37.0,LAC,PF,48.0,4.0,20.0,1.5,3.8,0.392,1.4,3.6,0.39,0.1,0.2,0.444,0.577,0.2,0.2,0.818,0.4,2.3,2.7,0.8,0.8,0.4,0.6,1.6,4.5,
370,361.0,DeAndre Jordan,37.0,NOP,C,2.0,1.0,11.5,2.0,2.5,0.8,0.0,0.0,,2.0,2.5,0.8,0.8,0.5,1.0,0.5,2.0,3.0,5.0,0.0,0.0,0.0,0.5,0.5,4.5,
371,362.0,A.J. Lawson,25.0,TOR,SG,11.0,0.0,9.6,1.5,3.7,0.39,0.7,2.0,0.364,0.7,1.7,0.421,0.488,0.8,0.8,1.0,0.6,1.4,2.0,0.3,0.4,0.3,0.4,1.4,4.5,
372,363.0,Terrence Shannon Jr.,25.0,MIN,SG,22.0,0.0,12.8,1.5,3.7,0.395,0.7,1.7,0.405,0.8,2.0,0.386,0.488,1.0,1.2,0.778,0.3,1.0,1.3,0.6,0.3,0.0,0.7,1.3,4.5,
373,364.0,Ethan Thompson,26.0,IND,SG,21.0,5.0,15.5,1.6,4.2,0.371,0.9,2.9,0.3,0.7,1.4,0.517,0.472,0.5,0.8,0.688,0.5,1.1,1.7,1.4,0.5,0.3,0.6,1.9,4.5,
374,365.0,Mike Conley,38.0,MIN,PG,44.0,9.0,18.5,1.3,4.0,0.322,1.0,3.0,0.321,0.3,1.0,0.326,0.443,0.9,1.0,0.891,0.3,1.4,1.8,2.9,0.6,0.3,0.6,1.5,4.4,
375,366.0,RayJ Dennis,24.0,3TM,PG,15.0,0.0,11.8,1.5,4.9,0.301,0.8,2.6,0.308,0.7,2.3,0.294,0.384,0.5,0.6,0.889,0.5,1.0,1.5,2.0,0.3,0.3,1.0,1.1,4.3,
376,366.0,RayJ Dennis,24.0,IND,PG,13.0,0.0,12.9,1.7,5.5,0.306,0.9,2.9,0.316,0.8,2.6,0.294,0.389,0.6,0.7,0.889,0.6,1.0,1.6,2.0,0.2,0.3,1.1,1.2,4.9,
377,366.0,RayJ Dennis,24.0,LAC,PG,1.0,0.0,4.0,0.0,0.0,,0.0,0.0,,0.0,0.0,,,0.0,0.0,,0.0,2.0,2.0,0.0,0.0,0.0,1.0,0.0,0.0,
378,366.0,RayJ Dennis,24.0,ATL,PG,1.0,0.0,5.0,0.0,1.0,0.0,0.0,1.0,0.0,0.0,0.0,,0.0,0.0,0.0,,0.0,0.0,0.0,4.0,1.0,0.0,0.0,1.0,0.0,
379,367.0,Ochai Agbaji,25.0,TOR,SG,42.0,13.0,15.5,1.7,4.0,0.424,0.3,1.5,0.185,1.4,2.5,0.571,0.459,0.6,0.7,0.862,0.8,1.5,2.3,0.7,0.4,0.3,0.5,1.8,4.3,
380,368.0,Jordan Hawkins,23.0,NOP,SG,35.0,0.0,14.1,1.5,4.8,0.32,0.8,2.7,0.301,0.7,2.2,0.342,0.402,0.4,0.5,0.778,0.4,1.4,1.8,0.7,0.2,0.2,0.6,0.6,4.3,
381,369.0,Skal Labissière,29.0,WAS,PF,3.0,0.0,12.7,2.0,3.3,0.6,0.3,1.7,0.2,1.7,1.7,1.0,0.65,0.0,0.0,,1.0,2.0,3.0,1.0,0.7,0.3,0.3,1.0,4.3,
382,370.0,Dereck Lively II,21.0,DAL,C,7.0,4.0,16.4,1.6,2.6,0.611,0.0,0.0,,1.6,2.6,0.611,0.611,1.1,1.4,0.8,2.0,3.3,5.3,1.9,0.6,1.6,1.4,3.0,4.3,
383,371.0,Pete Nance,25.0,MIL,PF,18.0,0.0,9.6,1.8,3.1,0.582,0.8,1.6,0.483,1.0,1.4,0.692,0.709,0.0,0.0,,0.5,1.5,2.0,0.4,0.3,0.2,0.4,0.7,4.3,
384,372.0,Zeke Nnaji,25.0,DEN,PF,38.0,2.0,13.1,1.6,3.2,0.492,0.3,1.1,0.275,1.3,2.2,0.598,0.537,0.9,1.1,0.825,0.7,2.1,2.8,0.6,0.3,0.5,0.6,1.4,4.3,
385,373.0,Josh Green,25.0,CHO,SG,27.0,0.0,15.7,1.4,3.4,0.429,1.0,2.4,0.394,0.5,0.9,0.52,0.571,0.3,0.4,0.818,1.0,1.0,2.0,1.0,0.5,0.1,0.6,1.1,4.2,
386,374.0,Trayce Jackson-Davis,25.0,GSW,C,36.0,1.0,11.4,1.7,2.8,0.588,0.0,0.0,1.0,1.6,2.8,0.584,0.593,0.8,1.4,0.558,1.3,1.8,3.1,0.9,0.4,0.5,0.5,1.1,4.2,
387,375.0,Kasparas Jakučionis,19.0,MIA,PG,26.0,8.0,15.8,1.3,3.8,0.333,0.9,2.3,0.393,0.3,1.5,0.237,0.455,0.8,0.9,0.87,0.8,1.5,2.3,2.3,0.7,0.0,0.9,2.0,4.2,
388,376.0,Jeremy Sochan,22.0,SAS,PF,27.0,0.0,13.1,1.7,3.6,0.48,0.3,1.3,0.257,1.4,2.3,0.603,0.526,0.4,0.6,0.688,1.0,1.7,2.7,1.0,0.4,0.1,0.7,1.9,4.2,
389,377.0,Adem Bona,22.0,PHI,C,41.0,3.0,16.3,1.5,2.6,0.579,0.0,0.1,0.4,1.5,2.5,0.588,0.589,1.0,1.6,0.652,1.8,2.2,4.0,0.2,0.3,1.4,0.7,2.1,4.1,
390,378.0,Myron Gardner,24.0,MIA,SF,22.0,2.0,9.0,1.5,3.0,0.485,0.6,1.6,0.4,0.8,1.4,0.581,0.591,0.6,0.8,0.722,0.8,1.9,2.7,0.8,0.5,0.2,0.1,1.6,4.1,
391,379.0,DaRon Holmes,23.0,DEN,PF,14.0,6.0,12.5,1.4,3.1,0.442,1.0,2.4,0.412,0.4,0.6,0.556,0.605,0.4,0.6,0.75,0.4,1.4,1.7,1.1,0.0,0.3,0.4,1.1,4.1,
392,380.0,Liam McNeeley,20.0,CHO,SF,28.0,0.0,12.2,1.2,3.1,0.386,0.8,2.1,0.379,0.4,1.1,0.4,0.511,0.9,1.1,0.806,0.4,1.8,2.1,0.8,0.2,0.1,0.4,1.3,4.1,
393,381.0,Tony Bradley,28.0,IND,C,38.0,3.0,10.9,1.6,2.8,0.557,0.0,0.1,0.5,1.5,2.7,0.558,0.561,0.8,1.1,0.744,1.5,1.3,2.8,0.5,0.2,0.2,0.4,1.6,4.0,
394,382.0,Brandon Clarke,29.0,MEM,PF,2.0,2.0,10.0,1.5,4.5,0.333,0.0,0.0,,1.5,4.5,0.333,0.333,1.0,2.0,0.5,2.0,1.0,3.0,0.5,1.0,0.0,0.0,2.5,4.0,
395,383.0,Hugo González,19.0,BOS,SF,45.0,2.0,15.4,1.6,3.4,0.477,0.6,1.6,0.352,1.0,1.8,0.588,0.56,0.2,0.5,0.476,0.9,2.5,3.4,0.6,0.6,0.3,0.6,1.8,4.0,
396,384.0,Jaylen Clark,24.0,MIN,SG,48.0,0.0,14.0,1.4,3.3,0.424,0.4,1.4,0.273,1.0,1.9,0.533,0.481,0.8,1.1,0.667,0.9,1.0,1.9,0.6,0.7,0.2,0.3,1.5,3.9,
397,385.0,Keaton Wallace,26.0,ATL,PG,40.0,2.0,11.2,1.4,3.4,0.419,0.9,2.1,0.405,0.6,1.3,0.442,0.544,0.2,0.3,0.545,0.1,1.1,1.2,2.0,0.5,0.1,0.6,1.0,3.9,
398,386.0,Clint Capela,31.0,HOU,C,42.0,1.0,11.6,1.7,3.1,0.53,0.0,0.0,,1.7,3.1,0.53,0.53,0.5,0.9,0.556,2.3,2.3,4.6,0.6,0.5,0.8,0.4,0.8,3.8,
399,387.0,Moussa Cisse,23.0,DAL,C,29.0,1.0,12.0,1.4,2.3,0.627,0.0,0.0,,1.4,2.3,0.627,0.627,0.9,1.9,0.482,1.9,2.6,4.4,0.2,0.3,1.1,0.8,1.8,3.8,
400,388.0,Jamir Watkins,24.0,WAS,SG,23.0,2.0,15.6,1.3,3.3,0.39,0.4,1.9,0.233,0.9,1.5,0.588,0.455,0.7,1.0,0.773,0.9,2.7,3.6,0.7,0.8,0.4,0.6,2.4,3.8,
401,389.0,Ousmane Dieng,22.0,OKC,C,27.0,0.0,10.9,1.4,3.4,0.418,0.7,1.8,0.367,0.7,1.6,0.476,0.516,0.2,0.2,1.0,0.3,1.3,1.6,1.0,0.1,0.3,0.3,0.8,3.7,
402,390.0,Jabari Walker,23.0,PHI,PF,45.0,6.0,12.1,1.3,3.2,0.403,0.4,1.4,0.27,0.9,1.8,0.506,0.462,0.7,1.0,0.727,1.1,1.9,3.1,0.5,0.4,0.2,0.4,1.6,3.7,
403,391.0,Cam Christie,20.0,LAC,SG,34.0,0.0,10.1,1.2,2.9,0.408,0.3,1.1,0.282,0.9,1.7,0.492,0.464,0.9,1.2,0.75,0.4,1.3,1.7,0.6,0.2,0.1,0.4,0.5,3.6,
404,392.0,Charles Bassey,25.0,MEM,C,2.0,0.0,15.5,1.5,4.0,0.375,0.0,0.0,,1.5,4.0,0.375,0.375,0.5,1.5,0.333,3.5,4.0,7.5,1.0,0.5,0.5,0.5,2.5,3.5,
405,393.0,Rob Dillingham,21.0,MIN,PG,35.0,0.0,9.3,1.3,4.0,0.333,0.3,0.9,0.364,1.0,3.1,0.324,0.376,0.4,0.6,0.75,0.1,1.0,1.2,1.7,0.5,0.1,1.0,1.0,3.5,
406,394.0,Kelly Olynyk,34.0,SAS,C,28.0,0.0,9.5,1.2,2.6,0.472,0.3,1.4,0.237,0.9,1.2,0.735,0.535,0.7,1.1,0.667,0.6,1.3,1.9,1.3,0.5,0.0,0.6,1.2,3.5,
407,395.0,Dalen Terry,23.0,CHI,SG,34.0,0.0,11.1,1.3,3.0,0.441,0.6,1.4,0.413,0.8,1.6,0.464,0.534,0.3,0.5,0.529,0.6,1.3,1.9,1.3,0.6,0.3,0.6,1.0,3.5,
408,396.0,Doug McDermott,34.0,SAC,SF,8.0,0.0,9.5,1.1,3.0,0.375,1.1,3.0,0.375,0.0,0.0,,0.563,0.0,0.0,,0.0,0.6,0.6,0.3,0.0,0.1,0.4,0.6,3.4,
409,397.0,Larry Nance Jr.,33.0,CLE,PF,23.0,2.0,13.4,1.3,3.7,0.36,0.6,1.9,0.295,0.8,1.8,0.429,0.436,0.1,0.2,0.6,0.9,1.7,2.7,1.0,0.7,0.2,0.5,2.0,3.4,
410,398.0,Jamison Battle,24.0,TOR,SF,36.0,2.0,8.5,1.3,2.3,0.536,0.6,1.4,0.449,0.6,1.0,0.657,0.667,0.2,0.3,0.667,0.3,1.1,1.4,0.4,0.1,0.1,0.4,0.8,3.3,
411,399.0,Devin Carter,23.0,SAC,PG,15.0,0.0,9.0,1.1,3.1,0.34,0.4,1.5,0.273,0.7,1.7,0.4,0.404,0.7,0.7,1.0,0.5,1.0,1.5,1.1,0.5,0.1,0.7,0.9,3.3,
412,400.0,Yanic Konan Niederhäuser,22.0,LAC,C,29.0,0.0,8.1,1.3,2.0,0.649,0.0,0.1,0.0,1.3,1.9,0.685,0.649,0.7,1.1,0.656,0.8,1.2,2.0,0.3,0.1,0.4,0.4,1.2,3.3,
413,401.0,Baylor Scheierman,25.0,BOS,SG,45.0,5.0,13.6,1.2,2.6,0.441,0.8,1.9,0.407,0.4,0.7,0.531,0.589,0.2,0.2,0.8,0.4,1.8,2.3,0.8,0.6,0.1,0.4,1.4,3.3,
414,402.0,James Wiseman,24.0,IND,C,4.0,1.0,14.5,1.5,2.5,0.6,0.0,0.0,,1.5,2.5,0.6,0.6,0.3,0.5,0.5,1.3,0.8,2.0,0.8,0.0,0.3,1.3,2.5,3.3,
415,403.0,John Konchar,29.0,MEM,SG,30.0,1.0,14.5,1.2,2.4,0.521,0.4,1.3,0.333,0.8,1.1,0.75,0.613,0.3,0.4,0.615,0.7,2.4,3.1,1.3,1.0,0.4,0.5,1.0,3.2,
416,404.0,Caleb Martin,30.0,DAL,SF,43.0,8.0,13.4,1.2,2.9,0.431,0.3,0.8,0.343,1.0,2.0,0.466,0.48,0.4,0.7,0.613,0.5,1.9,2.4,1.6,0.7,0.3,0.6,1.4,3.2,
417,405.0,Nick Richards,28.0,PHO,C,28.0,2.0,9.1,1.3,2.5,0.493,0.0,0.0,,1.3,2.5,0.493,0.493,0.7,1.0,0.679,1.3,2.0,3.3,0.3,0.1,0.5,0.9,1.4,3.2,
418,406.0,Joan Beringer,19.0,MIN,PF,24.0,0.0,7.0,1.4,2.1,0.667,0.0,0.0,,1.4,2.1,0.667,0.667,0.3,0.4,0.6,1.0,1.0,2.1,0.3,0.1,0.4,0.3,1.0,3.1,
419,407.0,Keshad Johnson,24.0,MIA,SF,21.0,0.0,7.6,1.1,2.7,0.404,0.3,1.1,0.304,0.8,1.6,0.471,0.465,0.6,0.8,0.765,0.7,1.1,1.9,0.1,0.2,0.2,0.4,0.8,3.1,
420,408.0,Chaz Lanier,24.0,DET,SG,18.0,0.0,9.0,1.0,2.8,0.353,0.8,2.3,0.333,0.2,0.5,0.444,0.49,0.3,0.3,1.0,0.3,0.6,0.9,0.7,0.3,0.0,0.1,0.3,3.1,
421,409.0,Dwight Powell,34.0,DAL,C,36.0,7.0,14.6,1.0,1.6,0.632,0.0,0.0,0.0,1.0,1.6,0.643,0.632,1.1,1.7,0.65,1.4,2.4,3.9,1.0,0.5,0.3,0.5,2.0,3.1,
422,410.0,Mark Sears,23.0,MIL,PG,7.0,0.0,3.7,0.9,1.9,0.462,0.6,1.1,0.5,0.3,0.7,0.4,0.615,0.9,1.1,0.75,0.1,0.1,0.3,0.3,0.0,0.0,0.6,0.6,3.1,
423,411.0,Drew Timme,25.0,LAL,PF,16.0,0.0,8.0,1.3,2.4,0.553,0.3,0.9,0.357,1.0,1.5,0.667,0.618,0.1,0.2,0.667,0.5,0.8,1.3,0.9,0.3,0.0,0.3,0.6,3.1,
424,412.0,Kobe Bufkin,22.0,LAL,SG,4.0,0.0,11.3,1.0,2.8,0.364,0.5,1.8,0.286,0.5,1.0,0.5,0.455,0.5,0.5,1.0,0.3,1.0,1.3,0.5,0.3,0.8,0.3,0.8,3.0,
425,413.0,Tyus Jones,29.0,ORL,PG,48.0,8.0,15.7,1.1,3.3,0.342,0.6,2.1,0.294,0.5,1.2,0.429,0.437,0.1,0.1,1.0,0.2,0.9,1.1,2.4,0.7,0.1,0.3,0.5,3.0,
426,414.0,Chris Livingston,22.0,CLE,SF,3.0,0.0,5.7,1.3,2.3,0.571,0.0,1.0,0.0,1.3,1.3,1.0,0.571,0.3,0.3,1.0,0.0,1.0,1.0,0.3,0.3,0.0,0.0,1.3,3.0,
427,415.0,Alijah Martin,24.0,TOR,SG,10.0,0.0,8.8,0.9,2.6,0.346,0.2,1.1,0.182,0.7,1.5,0.467,0.385,1.0,1.2,0.833,0.6,0.6,1.2,0.8,0.5,0.3,0.3,0.9,3.0,
428,416.0,Emanuel Miller,25.0,CHI,PF,5.0,0.0,6.6,1.2,2.6,0.462,0.4,1.2,0.333,0.8,1.4,0.571,0.538,0.2,0.4,0.5,0.2,0.4,0.6,0.8,0.4,0.0,0.0,0.4,3.0,
429,417.0,Riley Minix,25.0,SAS,SF,3.0,0.0,2.7,1.3,2.0,0.667,0.3,1.0,0.333,1.0,1.0,1.0,0.75,0.0,0.0,,0.3,0.3,0.7,0.3,0.3,0.0,0.0,0.3,3.0,
430,418.0,Monte Morris,30.0,IND,PG,6.0,0.0,10.8,1.2,3.3,0.35,0.3,1.3,0.25,0.8,2.0,0.417,0.4,0.3,0.7,0.5,0.2,1.0,1.2,1.5,0.2,0.2,0.3,0.5,3.0,
431,419.0,Antonio Reeves,25.0,CHO,SG,7.0,0.0,8.0,1.1,2.3,0.5,0.7,1.4,0.5,0.4,0.9,0.5,0.656,0.0,0.0,,0.1,0.6,0.7,0.3,0.1,0.0,0.0,0.4,3.0,
432,420.0,Jericho Sims,27.0,MIL,C,34.0,4.0,13.9,1.4,1.6,0.821,0.0,0.0,,1.4,1.6,0.821,0.821,0.3,0.4,0.6,1.2,2.4,3.6,0.6,0.2,0.2,1.0,1.6,3.0,
433,421.0,Pat Connaughton,33.0,CHO,SG,22.0,0.0,7.0,1.0,2.0,0.489,0.5,1.2,0.407,0.5,0.8,0.611,0.611,0.4,0.6,0.615,0.3,1.1,1.4,0.6,0.2,0.0,0.1,0.2,2.9,
434,422.0,Dorian Finney-Smith,32.0,HOU,PF,17.0,0.0,15.5,1.0,3.2,0.309,0.6,2.5,0.256,0.4,0.7,0.5,0.409,0.3,0.3,1.0,0.9,1.6,2.5,0.6,0.4,0.2,0.5,1.5,2.9,
435,423.0,Jonathan Isaac,28.0,ORL,PF,41.0,0.0,10.4,1.0,2.2,0.446,0.2,0.8,0.206,0.8,1.4,0.586,0.484,0.7,1.2,0.625,0.8,1.8,2.6,0.4,0.4,0.6,0.4,0.8,2.9,
436,424.0,David Jones García,24.0,SAS,SF,11.0,0.0,6.2,1.2,2.3,0.52,0.3,0.5,0.6,0.9,1.8,0.5,0.58,0.3,0.5,0.5,0.4,0.8,1.2,1.6,0.5,0.1,0.5,0.5,2.9,
437,425.0,Chris Paul,40.0,LAC,PG,16.0,0.0,14.3,1.1,3.5,0.321,0.6,1.9,0.333,0.5,1.6,0.308,0.411,0.1,0.1,0.5,0.4,1.4,1.8,3.3,0.7,0.0,1.0,1.4,2.9,
438,426.0,Duop Reath,29.0,POR,C,32.0,0.0,8.1,1.0,2.3,0.446,0.7,1.7,0.418,0.3,0.6,0.526,0.601,0.2,0.2,0.833,0.3,0.9,1.2,0.3,0.2,0.3,0.2,0.9,2.9,
439,427.0,Christian Koloko,25.0,3TM,C,20.0,4.0,15.3,1.3,3.0,0.433,0.1,0.3,0.2,1.3,2.8,0.455,0.442,0.2,0.3,0.5,1.3,2.0,3.3,0.7,0.6,1.0,0.6,2.1,2.8,
440,427.0,Christian Koloko,25.0,LAL,C,2.0,0.0,3.0,0.0,0.0,,0.0,0.0,,0.0,0.0,,,0.0,0.0,,0.0,0.5,0.5,0.0,0.0,0.0,0.0,0.5,0.0,
441,427.0,Christian Koloko,25.0,MEM,C,11.0,2.0,17.7,1.3,3.2,0.4,0.0,0.1,0.0,1.3,3.1,0.412,0.4,0.1,0.4,0.25,1.7,2.3,4.0,0.9,0.9,1.2,0.6,1.8,2.6,
442,427.0,Christian Koloko,25.0,ATL,C,7.0,2.0,15.0,1.7,3.6,0.48,0.1,0.6,0.25,1.6,3.0,0.524,0.5,0.3,0.3,1.0,1.0,2.0,3.0,0.6,0.3,1.0,0.7,3.0,3.9,
443,428.0,Trey Alexander,22.0,NOP,SG,5.0,0.0,8.4,1.2,1.8,0.667,0.4,0.6,0.667,0.8,1.2,0.667,0.778,0.0,0.0,,0.0,0.8,0.8,1.0,0.2,0.2,0.2,0.8,2.8,
444,429.0,AJ Johnson,21.0,WAS,SG,25.0,0.0,8.6,1.1,3.3,0.325,0.3,1.0,0.28,0.8,2.3,0.345,0.367,0.4,0.5,0.75,0.3,0.9,1.2,0.9,0.3,0.0,0.7,0.6,2.8,
445,430.0,Julian Phillips,22.0,CHI,SF,35.0,2.0,9.5,1.1,2.5,0.42,0.5,1.4,0.327,0.6,1.1,0.538,0.511,0.3,0.3,0.818,0.6,0.6,1.3,0.2,0.5,0.2,0.2,0.9,2.8,
446,431.0,Kobe Brown,26.0,LAC,PF,33.0,0.0,8.7,0.9,2.4,0.367,0.3,1.4,0.239,0.5,1.0,0.545,0.437,0.6,0.8,0.808,0.5,1.1,1.6,0.8,0.3,0.1,0.4,0.5,2.7,
447,432.0,Jamal Cain,26.0,ORL,SF,18.0,0.0,7.0,0.8,2.1,0.378,0.3,1.0,0.278,0.5,1.1,0.474,0.446,0.8,1.0,0.833,0.4,0.3,0.7,0.3,0.2,0.1,0.3,1.2,2.7,
448,433.0,Gary Harris,31.0,MIL,SG,35.0,2.0,14.8,0.9,1.9,0.485,0.6,1.2,0.476,0.4,0.7,0.5,0.632,0.2,0.3,0.889,0.3,1.1,1.5,1.1,0.6,0.1,0.4,1.2,2.7,
449,434.0,Kevon Looney,29.0,NOP,C,17.0,6.0,13.9,1.2,2.8,0.426,0.1,0.5,0.111,1.1,2.2,0.5,0.436,0.3,0.5,0.625,2.3,2.8,5.1,1.5,0.4,0.5,0.5,1.8,2.7,
450,435.0,Rayan Rupert,21.0,POR,SG,43.0,0.0,12.2,1.1,3.1,0.348,0.4,1.5,0.27,0.7,1.6,0.42,0.413,0.2,0.3,0.643,0.5,1.3,1.8,0.7,0.6,0.0,0.5,1.2,2.7,
451,436.0,Jae'Sean Tate,30.0,HOU,SF,30.0,0.0,8.2,1.2,2.3,0.515,0.2,0.7,0.333,0.9,1.6,0.596,0.566,0.1,0.2,0.8,0.7,0.8,1.5,0.5,0.2,0.1,0.3,1.1,2.7,
452,437.0,Guerschon Yabusele,30.0,NYK,C,41.0,0.0,8.9,1.0,2.6,0.393,0.5,1.7,0.294,0.5,1.0,0.564,0.486,0.2,0.3,0.667,0.6,1.5,2.1,0.4,0.1,0.1,0.4,0.9,2.7,
453,438.0,Carter Bryant,20.0,SAS,PF,38.0,0.0,8.3,0.9,2.7,0.35,0.4,1.4,0.278,0.6,1.3,0.429,0.422,0.3,0.4,0.786,0.4,1.3,1.7,0.2,0.2,0.1,0.3,0.8,2.6,
454,439.0,Miles Kelly,23.0,DAL,PG,11.0,0.0,8.5,1.0,2.7,0.367,0.6,2.2,0.292,0.4,0.5,0.667,0.483,0.0,0.0,,0.4,1.2,1.5,0.6,0.3,0.0,0.4,0.9,2.6,
455,440.0,Sharife Cooper,24.0,WAS,PG,8.0,0.0,8.0,1.0,2.3,0.444,0.3,0.8,0.333,0.8,1.5,0.5,0.5,0.1,0.3,0.5,0.4,1.3,1.6,0.9,0.1,0.1,0.8,0.9,2.4,
456,441.0,Rasheer Fleming,21.0,PHO,PF,29.0,0.0,6.5,0.9,2.6,0.347,0.3,1.4,0.22,0.6,1.2,0.5,0.407,0.3,0.4,0.727,0.7,0.6,1.3,0.2,0.2,0.2,0.2,0.7,2.4,
457,442.0,Elijah Harkless,25.0,UTA,SG,7.0,0.0,9.4,0.6,1.6,0.364,0.3,1.0,0.286,0.3,0.6,0.5,0.455,1.0,1.3,0.778,0.3,0.6,0.9,0.7,0.6,0.0,0.4,1.4,2.4,
458,443.0,Kam Jones,23.0,IND,SG,14.0,1.0,8.9,1.0,2.6,0.378,0.2,1.0,0.214,0.8,1.6,0.478,0.419,0.1,0.3,0.5,0.3,0.8,1.1,1.4,0.2,0.0,0.3,0.4,2.4,
459,444.0,Xavier Tillman Sr.,27.0,BOS,C,13.0,1.0,8.5,1.1,2.3,0.467,0.2,1.1,0.214,0.8,1.2,0.688,0.517,0.0,0.0,,0.8,1.2,1.9,0.4,0.5,0.2,0.4,0.7,2.4,
460,445.0,Chris Boucher,33.0,BOS,PF,9.0,0.0,10.4,0.9,2.8,0.32,0.2,1.7,0.133,0.7,1.1,0.6,0.36,0.3,0.4,0.75,0.2,1.8,2.0,0.3,0.6,0.8,0.1,1.9,2.3,
461,446.0,Yang Hansen,20.0,POR,C,29.0,1.0,8.1,0.8,2.6,0.289,0.2,1.1,0.152,0.6,1.5,0.395,0.322,0.6,0.6,0.944,0.5,1.2,1.7,0.7,0.1,0.3,0.9,1.1,2.3,
462,447.0,Caleb Houstan,23.0,ATL,SF,10.0,0.0,4.9,0.7,1.5,0.467,0.6,1.2,0.5,0.1,0.3,0.333,0.667,0.3,0.3,1.0,0.4,0.1,0.5,0.2,0.1,0.1,0.4,0.6,2.3,
463,448.0,Isaiah Livers,27.0,PHO,PF,28.0,0.0,10.4,0.8,1.9,0.423,0.4,1.3,0.343,0.4,0.6,0.588,0.538,0.3,0.4,0.7,0.6,1.4,2.0,0.7,0.4,0.3,0.4,0.9,2.3,
464,449.0,Kevin McCullar Jr.,24.0,NYK,SF,12.0,0.0,7.3,0.8,1.9,0.435,0.5,1.2,0.429,0.3,0.8,0.444,0.565,0.2,0.4,0.4,0.7,1.0,1.7,1.3,0.3,0.0,0.7,1.2,2.3,
465,450.0,Leonard Miller,22.0,MIN,SF,19.0,0.0,5.0,0.9,1.7,0.545,0.1,0.6,0.083,0.9,1.1,0.81,0.561,0.4,0.6,0.636,0.4,0.9,1.3,0.3,0.2,0.0,0.5,0.6,2.3,
466,451.0,Luke Travers,24.0,CLE,SG,12.0,0.0,8.6,0.8,3.0,0.25,0.1,1.3,0.063,0.7,1.7,0.4,0.264,0.8,0.8,1.0,0.8,1.3,2.0,0.8,0.6,0.3,0.3,0.5,2.3,
467,452.0,Mohamed Diawara,20.0,NYK,SF,40.0,5.0,5.4,0.8,1.9,0.429,0.5,1.1,0.409,0.4,0.8,0.455,0.545,0.1,0.2,0.5,0.3,0.8,1.0,0.5,0.2,0.1,0.3,0.6,2.2,
468,453.0,E.J. Liddell,25.0,BRK,PF,10.0,0.0,4.9,0.8,1.7,0.471,0.4,1.1,0.364,0.4,0.6,0.667,0.588,0.2,0.3,0.667,0.3,0.8,1.1,0.0,0.1,0.0,0.0,0.4,2.2,
469,454.0,Hunter Tyson,25.0,DEN,PF,21.0,2.0,7.7,0.7,2.5,0.269,0.3,1.6,0.212,0.3,0.9,0.368,0.337,0.5,0.6,0.846,0.2,1.5,1.7,0.8,0.1,0.0,0.2,0.6,2.2,
470,455.0,Johnny Juzang,24.0,MIN,SG,19.0,0.0,3.9,0.8,1.8,0.429,0.3,1.2,0.227,0.5,0.7,0.769,0.5,0.3,0.4,0.625,0.3,0.6,0.8,0.3,0.1,0.0,0.2,0.2,2.1,
471,456.0,Bobi Klintman,22.0,DET,SF,8.0,0.0,7.5,0.9,2.8,0.318,0.4,1.4,0.273,0.5,1.4,0.364,0.386,0.0,0.4,0.0,0.6,1.5,2.1,0.5,0.3,0.0,0.6,1.3,2.1,
472,457.0,Jahmir Young,25.0,MIA,PG,7.0,0.0,5.1,0.9,2.1,0.4,0.3,0.9,0.333,0.6,1.3,0.444,0.467,0.1,0.1,1.0,0.1,0.3,0.4,0.9,0.1,0.0,0.3,0.6,2.1,
473,458.0,Koby Brea,23.0,PHO,SG,2.0,0.0,4.0,0.5,1.5,0.333,0.0,1.0,0.0,0.5,0.5,1.0,0.333,1.0,1.0,1.0,0.0,0.5,0.5,1.0,0.0,0.0,0.0,0.0,2.0,
474,459.0,LJ Cryer,24.0,GSW,PG,3.0,0.0,2.7,0.7,1.7,0.4,0.7,1.3,0.5,0.0,0.3,0.0,0.6,0.0,0.0,,0.0,0.3,0.3,0.0,0.0,0.0,0.0,0.3,2.0,
475,460.0,Hunter Dickinson,25.0,NOP,C,1.0,0.0,5.0,1.0,2.0,0.5,0.0,0.0,,1.0,2.0,0.5,0.5,0.0,0.0,,0.0,0.0,0.0,0.0,0.0,1.0,2.0,2.0,2.0,
476,461.0,Tristan Enaruna,24.0,CLE,SF,1.0,0.0,3.0,1.0,1.0,1.0,0.0,0.0,,1.0,1.0,1.0,1.0,0.0,0.0,,2.0,0.0,2.0,1.0,0.0,0.0,0.0,0.0,2.0,
477,462.0,Trentyn Flowers,20.0,CHI,SF,2.0,0.0,3.0,1.0,1.5,0.667,0.0,0.5,0.0,1.0,1.0,1.0,0.667,0.0,0.0,,0.5,0.0,0.5,0.5,0.0,0.0,0.5,0.5,2.0,
478,463.0,Vladislav Goldin,24.0,MIA,C,2.0,0.0,4.0,1.0,1.0,1.0,0.0,0.0,,1.0,1.0,1.0,1.0,0.0,0.0,,0.0,0.5,0.5,1.0,0.0,0.5,0.0,1.5,2.0,
479,464.0,Jeff Green,39.0,HOU,PF,16.0,0.0,4.3,0.8,1.6,0.462,0.5,1.1,0.444,0.3,0.5,0.5,0.615,0.0,0.0,,0.1,0.4,0.5,0.1,0.0,0.1,0.1,0.3,2.0,
480,465.0,Colby Jones,23.0,DET,SG,1.0,0.0,7.0,1.0,3.0,0.333,0.0,2.0,0.0,1.0,1.0,1.0,0.333,0.0,0.0,,0.0,4.0,4.0,2.0,0.0,0.0,0.0,1.0,2.0,
481,466.0,Jordan McLaughlin,29.0,SAS,PG,21.0,0.0,5.7,0.7,1.7,0.417,0.3,0.9,0.368,0.4,0.8,0.471,0.514,0.2,0.2,0.8,0.2,0.5,0.7,0.8,0.5,0.0,0.4,0.4,2.0,
482,467.0,Wendell Moore Jr.,24.0,DET,SG,3.0,0.0,14.3,1.0,2.0,0.5,0.0,0.3,0.0,1.0,1.7,0.6,0.5,0.0,0.0,,0.3,1.0,1.3,1.0,0.7,0.3,0.3,0.3,2.0,
483,468.0,Isaiah Stevens,25.0,SAC,PG,2.0,0.0,11.5,0.0,1.0,0.0,0.0,0.0,,0.0,1.0,0.0,0.0,2.0,2.0,1.0,0.5,0.5,1.0,3.0,1.5,0.0,0.0,0.5,2.0,
484,469.0,Oscar Tshiebwe,26.0,UTA,C,1.0,0.0,15.0,1.0,4.0,0.25,0.0,0.0,,1.0,4.0,0.25,0.25,0.0,1.0,0.0,2.0,4.0,6.0,1.0,1.0,0.0,0.0,2.0,2.0,
485,470.0,Amir Coffey,28.0,MIL,SG,29.0,1.0,8.3,0.7,1.6,0.404,0.2,0.8,0.227,0.5,0.9,0.56,0.457,0.4,0.5,0.929,0.2,0.6,0.7,0.3,0.1,0.1,0.1,0.4,1.9,
486,471.0,JD Davison,23.0,HOU,PG,21.0,0.0,7.0,0.7,1.9,0.359,0.3,1.0,0.286,0.4,0.9,0.444,0.436,0.2,0.4,0.556,0.1,0.6,0.7,1.0,0.2,0.2,0.2,0.5,1.9,
487,472.0,Ron Harper Jr.,25.0,BOS,SF,7.0,0.0,5.0,0.7,2.3,0.313,0.4,1.7,0.25,0.3,0.6,0.5,0.406,0.0,0.0,,0.4,0.4,0.9,0.6,0.1,0.4,0.1,0.4,1.9,
488,473.0,Ariel Hukporti,23.0,NYK,C,34.0,4.0,8.9,0.7,1.2,0.571,0.0,0.1,0.333,0.7,1.1,0.59,0.583,0.5,0.7,0.696,1.0,1.9,2.9,0.5,0.1,0.6,0.6,1.4,1.9,
489,474.0,Bronny James,21.0,LAL,SG,27.0,1.0,6.8,0.7,1.8,0.388,0.3,0.9,0.375,0.4,0.9,0.4,0.48,0.1,0.2,0.8,0.1,0.3,0.4,1.1,0.4,0.0,0.4,0.5,1.9,
490,475.0,Maxi Kleber,34.0,LAL,PF,24.0,1.0,10.3,0.6,1.8,0.357,0.2,0.7,0.235,0.5,1.0,0.44,0.405,0.5,0.7,0.75,0.7,1.0,1.7,0.6,0.3,0.2,0.3,1.3,1.9,
491,476.0,Taelon Peter,23.0,IND,SG,23.0,0.0,7.3,0.6,2.0,0.298,0.5,1.9,0.279,0.1,0.2,0.5,0.426,0.2,0.3,0.667,0.3,0.8,1.0,0.9,0.3,0.1,0.4,0.4,1.9,
492,477.0,Mason Plumlee,35.0,CHO,C,14.0,2.0,8.9,0.6,0.9,0.75,0.0,0.0,,0.6,0.9,0.75,0.75,0.6,0.9,0.667,0.7,2.1,2.9,1.1,0.4,0.0,0.6,0.7,1.9,
493,478.0,Lindy Waters III,28.0,SAS,SG,28.0,0.0,6.8,0.7,1.9,0.352,0.5,1.7,0.319,0.1,0.3,0.571,0.491,0.0,0.0,1.0,0.1,0.7,0.8,0.4,0.1,0.0,0.1,0.6,1.9,
494,479.0,Chris Youngblood,23.0,OKC,SG,31.0,0.0,5.0,0.6,1.7,0.333,0.5,1.5,0.319,0.1,0.2,0.429,0.472,0.3,0.3,0.9,0.2,0.6,0.8,0.3,0.1,0.0,0.1,0.6,1.9,
495,480.0,Javonte Cooke,26.0,POR,SG,12.0,0.0,6.0,0.7,2.4,0.276,0.3,1.3,0.188,0.4,1.1,0.385,0.328,0.2,0.2,1.0,0.2,0.7,0.8,0.6,0.5,0.0,0.5,0.3,1.8,
496,481.0,Harrison Ingram,23.0,SAS,SF,4.0,0.0,3.3,0.8,1.0,0.75,0.3,0.3,1.0,0.5,0.8,0.667,0.875,0.0,0.0,,0.8,0.0,0.8,0.0,0.0,0.0,0.0,0.5,1.8,
497,482.0,Cody Martin,30.0,IND,SF,4.0,0.0,13.8,0.5,2.5,0.2,0.0,1.3,0.0,0.5,1.3,0.4,0.2,0.8,1.5,0.5,0.3,3.3,3.5,0.5,1.0,0.5,1.0,1.3,1.8,
498,483.0,Orlando Robinson,25.0,ORL,C,4.0,1.0,6.3,0.8,1.3,0.6,0.3,0.5,0.5,0.5,0.8,0.667,0.7,0.0,0.0,,0.5,0.5,1.0,0.8,0.3,0.0,0.0,0.8,1.8,
499,484.0,Anthony Gill,33.0,WAS,PF,25.0,0.0,6.0,0.7,1.2,0.586,0.1,0.3,0.429,0.6,0.9,0.636,0.638,0.2,0.2,1.0,0.5,0.9,1.4,0.1,0.2,0.2,0.4,0.6,1.7,
500,485.0,Amari Williams,24.0,BOS,PF,13.0,2.0,8.2,0.5,1.2,0.467,0.0,0.0,,0.5,1.2,0.467,0.467,0.6,0.9,0.667,0.5,1.6,2.1,0.5,0.2,0.7,0.5,1.1,1.7,
501,486.0,Andre Jackson Jr.,24.0,MIL,SG,23.0,0.0,6.7,0.5,1.8,0.262,0.2,1.1,0.192,0.3,0.7,0.375,0.321,0.4,0.4,0.9,0.3,0.5,0.8,1.0,0.3,0.1,0.3,1.0,1.6,
502,487.0,Jacob Toppin,25.0,ATL,SF,5.0,0.0,3.4,0.8,1.2,0.667,0.0,0.0,,0.8,1.2,0.667,0.667,0.0,0.0,,0.0,0.2,0.2,0.2,0.0,0.2,0.0,0.2,1.6,
503,488.0,Tyson Etienne,26.0,BRK,PG,8.0,0.0,4.3,0.5,1.9,0.267,0.5,1.6,0.308,0.0,0.3,0.0,0.4,0.0,0.0,,0.0,0.0,0.0,0.1,0.0,0.0,0.1,0.6,1.5,
504,489.0,Curtis Jones,24.0,DEN,SG,6.0,0.0,5.2,0.7,2.3,0.286,0.2,1.5,0.111,0.5,0.8,0.6,0.321,0.0,0.0,,0.2,0.7,0.8,0.5,0.0,0.0,0.2,0.5,1.5,
505,490.0,Jonathan Mogbo,24.0,TOR,PF,21.0,0.0,6.6,0.7,1.3,0.5,0.0,0.0,,0.7,1.3,0.5,0.5,0.1,0.2,0.4,0.6,1.2,1.8,0.5,0.1,0.2,0.3,0.6,1.4,
506,491.0,Isaac Jones,25.0,2TM,PF,4.0,1.0,4.5,0.5,1.0,0.5,0.0,0.5,0.0,0.5,0.5,1.0,0.5,0.3,0.5,0.5,0.5,0.0,0.5,0.3,0.0,0.0,0.0,1.0,1.3,
507,491.0,Isaac Jones,25.0,SAC,PF,3.0,1.0,5.7,0.3,0.7,0.5,0.0,0.3,0.0,0.3,0.3,1.0,0.5,0.3,0.7,0.5,0.7,0.0,0.7,0.3,0.0,0.0,0.0,1.3,1.0,
508,491.0,Isaac Jones,25.0,DET,PF,1.0,0.0,1.0,1.0,2.0,0.5,0.0,1.0,0.0,1.0,1.0,1.0,0.5,0.0,0.0,,0.0,0.0,0.0,0.0,0.0,0.0,0.0,0.0,2.0,
509,492.0,Thanasis Antetokounmpo,33.0,MIL,SF,17.0,0.0,2.9,0.5,0.9,0.533,0.0,0.1,0.0,0.5,0.8,0.571,0.533,0.4,0.6,0.545,0.4,0.3,0.6,0.1,0.4,0.2,0.2,0.5,1.3,
510,493.0,Nigel Hayes-Davis,31.0,PHO,SF,27.0,0.0,7.2,0.6,1.7,0.326,0.1,0.6,0.125,0.5,1.1,0.433,0.348,0.1,0.1,0.5,0.4,0.8,1.2,0.3,0.3,0.1,0.3,0.6,1.3,
511,494.0,Daeqwon Plowden,27.0,SAC,SG,3.0,0.0,15.3,0.7,3.7,0.182,0.0,2.7,0.0,0.7,1.0,0.667,0.182,0.0,0.0,,1.0,1.7,2.7,0.3,0.0,0.3,0.0,0.3,1.3,
512,495.0,Adou Thiero,21.0,LAL,SF,15.0,0.0,5.8,0.5,1.2,0.389,0.0,0.1,0.0,0.5,1.1,0.412,0.389,0.4,0.5,0.75,0.5,0.7,1.2,0.3,0.3,0.1,0.3,1.0,1.3,
513,496.0,Malevy Leons,26.0,GSW,SF,5.0,0.0,4.2,0.4,1.2,0.333,0.0,0.4,0.0,0.4,0.8,0.5,0.333,0.4,0.4,1.0,0.4,1.4,1.8,0.2,0.2,0.2,0.4,0.2,1.2,
514,497.0,Lachlan Olbrich,22.0,CHI,C,14.0,0.0,7.8,0.4,1.2,0.353,0.1,0.4,0.167,0.4,0.8,0.455,0.382,0.3,0.7,0.4,0.8,1.8,2.6,0.8,0.1,0.1,0.3,1.6,1.2,
515,498.0,Brooks Barnhizer,23.0,OKC,SG,27.0,0.0,7.2,0.5,1.1,0.448,0.0,0.2,0.167,0.4,0.9,0.522,0.466,0.1,0.2,0.667,0.3,1.3,1.6,0.3,0.2,0.1,0.2,0.6,1.1,
516,499.0,Johni Broome,23.0,PHI,C,9.0,0.0,4.8,0.4,2.2,0.2,0.0,0.3,0.0,0.4,1.9,0.235,0.2,0.2,0.4,0.5,0.7,0.8,1.4,0.4,0.2,0.0,0.2,0.6,1.1,
517,500.0,Khaman Maluach,19.0,PHO,C,22.0,0.0,4.3,0.4,0.9,0.4,0.0,0.2,0.0,0.4,0.7,0.533,0.4,0.4,0.5,0.9,0.3,0.6,0.9,0.1,0.0,0.4,0.5,0.8,1.1,
518,501.0,Dillon Jones,24.0,NYK,SF,3.0,0.0,4.7,0.3,1.0,0.333,0.3,0.7,0.5,0.0,0.3,0.0,0.5,0.0,0.0,,0.3,0.7,1.0,0.3,0.3,0.0,0.0,0.7,1.0,
519,502.0,Kyle Lowry,39.0,PHI,PG,6.0,0.0,7.5,0.3,1.3,0.25,0.3,1.3,0.25,0.0,0.0,,0.375,0.0,0.0,,0.0,0.5,0.5,1.2,0.2,0.0,0.3,0.5,1.0,
520,503.0,Hunter Sallis,22.0,PHI,SG,7.0,0.0,3.7,0.4,0.7,0.6,0.0,0.0,,0.4,0.7,0.6,0.6,0.1,0.3,0.5,0.0,0.1,0.1,0.6,0.0,0.1,0.7,0.3,1.0,
521,504.0,Dario Šarić,31.0,SAC,C,5.0,0.0,8.2,0.2,1.2,0.167,0.2,0.6,0.333,0.0,0.6,0.0,0.25,0.4,0.4,1.0,0.2,1.0,1.2,0.4,0.0,0.0,0.4,0.6,1.0,
522,505.0,Trey Jemison,26.0,NYK,C,8.0,0.0,6.0,0.4,0.6,0.6,0.0,0.0,,0.4,0.6,0.6,0.6,0.1,0.1,1.0,0.9,0.9,1.8,0.3,0.0,0.3,0.5,0.9,0.9,
523,506.0,Jahmai Mashack,23.0,MEM,SG,7.0,0.0,3.6,0.3,1.1,0.25,0.3,0.9,0.333,0.0,0.3,0.0,0.375,0.0,0.0,,0.0,0.7,0.7,0.3,0.1,0.0,0.4,0.1,0.9,
524,507.0,Bismack Biyombo,33.0,SAS,C,12.0,1.0,5.4,0.3,0.5,0.667,0.0,0.0,,0.3,0.5,0.667,0.667,0.1,0.2,0.5,0.2,0.4,0.6,0.3,0.3,0.1,0.3,0.8,0.8,
525,508.0,N'Faly Dante,24.0,ATL,C,4.0,0.0,3.8,0.3,1.0,0.25,0.0,0.0,,0.3,1.0,0.25,0.25,0.3,0.3,1.0,0.8,1.0,1.8,0.0,0.5,0.0,0.3,0.3,0.8,
526,509.0,Drew Peterson,26.0,CHO,PF,6.0,0.0,10.7,0.3,2.7,0.125,0.0,2.0,0.0,0.3,0.7,0.5,0.125,0.2,0.3,0.5,0.5,1.0,1.5,0.3,0.5,0.2,0.0,0.5,0.8,
527,510.0,Joe Ingles,38.0,MIN,SF,16.0,0.0,4.3,0.2,0.4,0.429,0.1,0.3,0.4,0.1,0.1,0.5,0.571,0.1,0.1,1.0,0.0,0.3,0.3,0.8,0.4,0.0,0.4,0.4,0.6,
528,511.0,Pacome Dadiet,20.0,NYK,SG,18.0,0.0,3.2,0.1,0.5,0.222,0.0,0.3,0.0,0.1,0.2,0.5,0.222,0.2,0.2,1.0,0.1,0.6,0.6,0.4,0.1,0.0,0.0,0.2,0.4,
529,512.0,Garrett Temple,39.0,TOR,SG,13.0,0.0,2.8,0.1,0.5,0.143,0.1,0.4,0.2,0.0,0.2,0.0,0.214,0.1,0.2,0.5,0.0,0.3,0.3,0.3,0.2,0.1,0.2,0.2,0.3,
530,513.0,Jahmyl Telfort,24.0,LAC,PF,8.0,0.0,4.0,0.0,0.5,0.0,0.0,0.5,0.0,0.0,0.0,,0.0,0.1,0.5,0.25,0.0,0.4,0.4,0.1,0.1,0.0,0.1,0.6,0.1,
531,514.0,Mo Bamba,27.0,TOR,C,2.0,0.0,3.0,0.0,1.0,0.0,0.0,0.0,,0.0,1.0,0.0,0.0,0.0,0.0,,0.5,0.5,1.0,0.0,0.0,0.5,0.0,1.0,0.0,
532,515.0,Isaiah Crawford,24.0,HOU,SF,3.0,0.0,2.3,0.0,0.3,0.0,0.0,0.3,0.0,0.0,0.0,,0.0,0.0,0.0,,0.0,0.0,0.0,0.0,0.0,0.0,0.0,0.0,0.0,
533,516.0,Noa Essengue,19.0,CHI,PF,2.0,0.0,3.0,0.0,1.5,0.0,0.0,1.0,0.0,0.0,0.5,0.0,0.0,0.0,0.0,,0.0,0.0,0.0,0.0,0.5,0.0,0.0,0.5,0.0,
534,517.0,Tosan Evbuomwan,24.0,NYK,SF,5.0,0.0,1.6,0.0,0.2,0.0,0.0,0.0,,0.0,0.2,0.0,0.0,0.0,0.0,,0.2,0.2,0.4,0.0,0.0,0.0,0.0,0.2,0.0,
535,518.0,Chucky Hepburn,22.0,TOR,PG,2.0,0.0,6.5,0.0,3.0,0.0,0.0,2.5,0.0,0.0,0.5,0.0,0.0,0.0,0.0,,0.0,0.5,0.5,1.0,0.5,0.0,0.5,1.0,0.0,
536,519.0,Chris Mañon,24.0,LAL,SG,4.0,0.0,3.5,0.0,0.3,0.0,0.0,0.3,0.0,0.0,0.0,,0.0,0.0,0.0,,0.3,0.5,0.8,0.0,0.3,0.5,0.0,0.8,0.0,
537,520.0,Stanley Umude,26.0,SAS,SG,1.0,0.0,2.0,0.0,0.0,,0.0,0.0,,0.0,0.0,,,0.0,0.0,,0.0,0.0,0.0,0.0,0.0,0.0,0.0,1.0,0.0,
538,,League Average,,,,,,,,,0.469,,,0.359,,,0.546,0.543,,,0.784,,,,,,,,,,
